Station,Date,Time- LST,Light intensity (W/m²),Light intensity (umol photons/s/m²),,
Beit Dagan,08/06/2020,12:00,991,4528.87,,
Beit Dagan,08/06/2020,12:10,987,4510.59,,
Beit Dagan,08/06/2020,12:20,987,4510.59,,
Beit Dagan,08/06/2020,12:30,977,4464.89,,
Beit Dagan,08/06/2020,12:40,971,4437.47,,
Beit Dagan,08/06/2020,12:50,960,4387.2,,
Beit Dagan,08/06/2020,13:00,943,4309.51,,
Beit Dagan,08/06/2020,13:10,928,4240.96,,
Beit Dagan,08/06/2020,13:20,915,4181.55,,
Beit Dagan,08/06/2020,13:30,895,4090.15,,
Beit Dagan,08/06/2020,13:40,879,4017.03,,
Beit Dagan,08/06/2020,13:50,858,3921.06,,
Beit Dagan,08/06/2020,14:00,840,3838.8,,
Beit Dagan,08/06/2020,14:10,819,3742.83,,
Beit Dagan,08/06/2020,14:20,798,3646.86,,
Beit Dagan,08/06/2020,14:30,774,3537.18,,
Beit Dagan,08/06/2020,14:40,749,3422.93,,
Beit Dagan,08/06/2020,14:50,723,3304.11,,
Beit Dagan,08/06/2020,15:00,691,3157.87,,
Beit Dagan,08/06/2020,15:10,661,3020.77,,
Beit Dagan,08/06/2020,15:20,634,2897.38,,
Beit Dagan,08/06/2020,15:30,600,2742,,
Beit Dagan,08/06/2020,15:40,568,2595.76,,
Beit Dagan,08/06/2020,15:50,534,2440.38,,
Beit Dagan,08/06/2020,16:00,501,2289.57,,
Beit Dagan,08/06/2020,16:10,470,2147.9,,
Beit Dagan,08/06/2020,16:20,435,1987.95,,
Beit Dagan,08/06/2020,16:30,400,1828,,
Beit Dagan,08/06/2020,16:40,365,1668.05,,
Beit Dagan,08/06/2020,16:50,329,1503.53,,
Beit Dagan,08/06/2020,17:00,295,1348.15,,
Beit Dagan,08/06/2020,17:10,260,1188.2,,
Beit Dagan,08/06/2020,17:20,225,1028.25,,
Beit Dagan,08/06/2020,17:30,191,872.87,,
Beit Dagan,08/06/2020,17:40,158,722.06,,
Beit Dagan,08/06/2020,17:50,122,557.54,,
Beit Dagan,08/06/2020,18:00,93,425.01,,
Beit Dagan,08/06/2020,18:10,66,301.62,,
Beit Dagan,08/06/2020,18:20,40,182.8,,
Beit Dagan,08/06/2020,18:30,22,100.54,,
Beit Dagan,08/06/2020,18:40,10,45.7,,
Beit Dagan,08/06/2020,18:50,0,0,,
Beit Dagan,08/06/2020,19:00,0,0,,
Beit Dagan,08/06/2020,19:10,0,0,,
Beit Dagan,08/06/2020,19:20,0,0,,
Beit Dagan,08/06/2020,19:30,0,0,,
Beit Dagan,08/06/2020,19:40,0,0,,
Beit Dagan,08/06/2020,19:50,0,0,,
Beit Dagan,08/06/2020,20:00,0,0,,
Beit Dagan,08/06/2020,20:10,0,0,,
Beit Dagan,08/06/2020,20:20,0,0,,
Beit Dagan,08/06/2020,20:30,0,0,,
Beit Dagan,08/06/2020,20:40,0,0,,
Beit Dagan,08/06/2020,20:50,0,0,,
Beit Dagan,08/06/2020,21:00,0,0,,
Beit Dagan,08/06/2020,21:10,0,0,,
Beit Dagan,08/06/2020,21:20,0,0,,
Beit Dagan,08/06/2020,21:30,0,0,,
Beit Dagan,08/06/2020,21:40,0,0,,
Beit Dagan,08/06/2020,21:50,0,0,,
Beit Dagan,08/06/2020,22:00,0,0,,
Beit Dagan,08/06/2020,22:10,0,0,,
Beit Dagan,08/06/2020,22:20,0,0,,
Beit Dagan,08/06/2020,22:30,0,0,,
Beit Dagan,08/06/2020,22:40,0,0,,
Beit Dagan,08/06/2020,22:50,0,0,,
Beit Dagan,08/06/2020,23:00,0,0,,
Beit Dagan,08/06/2020,23:10,0,0,,
Beit Dagan,08/06/2020,23:20,0,0,,
Beit Dagan,08/06/2020,23:30,0,0,,
Beit Dagan,08/06/2020,23:40,0,0,,
Beit Dagan,08/06/2020,23:50,0,0,,
Beit Dagan,09/06/2020,0:00,0,0,,
Beit Dagan,09/06/2020,0:10,0,0,,
Beit Dagan,09/06/2020,0:20,0,0,,
Beit Dagan,09/06/2020,0:30,0,0,,
Beit Dagan,09/06/2020,0:40,0,0,,
Beit Dagan,09/06/2020,0:50,0,0,,
Beit Dagan,09/06/2020,1:00,0,0,,
Beit Dagan,09/06/2020,1:10,0,0,,
Beit Dagan,09/06/2020,1:20,0,0,,
Beit Dagan,09/06/2020,1:30,0,0,,
Beit Dagan,09/06/2020,1:40,0,0,,
Beit Dagan,09/06/2020,1:50,0,0,,
Beit Dagan,09/06/2020,2:00,0,0,,
Beit Dagan,09/06/2020,2:10,0,0,,
Beit Dagan,09/06/2020,2:20,0,0,,
Beit Dagan,09/06/2020,2:30,0,0,,
Beit Dagan,09/06/2020,2:40,0,0,,
Beit Dagan,09/06/2020,2:50,0,0,,
Beit Dagan,09/06/2020,3:00,0,0,,
Beit Dagan,09/06/2020,3:10,0,0,,
Beit Dagan,09/06/2020,3:20,0,0,,
Beit Dagan,09/06/2020,3:30,0,0,,
Beit Dagan,09/06/2020,3:40,0,0,,
Beit Dagan,09/06/2020,3:50,0,0,,
Beit Dagan,09/06/2020,4:00,0,0,,
Beit Dagan,09/06/2020,4:10,0,0,,
Beit Dagan,09/06/2020,4:20,0,0,,
Beit Dagan,09/06/2020,4:30,0,0,,
Beit Dagan,09/06/2020,4:40,3,13.71,,
Beit Dagan,09/06/2020,4:50,11,50.27,,
Beit Dagan,09/06/2020,5:00,21,95.97,,
Beit Dagan,09/06/2020,5:10,43,196.51,,
Beit Dagan,09/06/2020,5:20,75,342.75,,
Beit Dagan,09/06/2020,5:30,101,461.57,,
Beit Dagan,09/06/2020,5:40,118,539.26,,
Beit Dagan,09/06/2020,5:50,138,630.66,,
Beit Dagan,09/06/2020,6:00,171,781.47,,
Beit Dagan,09/06/2020,6:10,205,936.85,,
Beit Dagan,09/06/2020,6:20,261,1192.77,,
Beit Dagan,09/06/2020,6:30,170,776.9,,
Beit Dagan,09/06/2020,6:40,213,973.41,,
Beit Dagan,09/06/2020,6:50,350,1599.5,,
Beit Dagan,09/06/2020,7:00,189,863.73,,
Beit Dagan,09/06/2020,7:10,244,1115.08,,
Beit Dagan,09/06/2020,7:20,340,1553.8,,
Beit Dagan,09/06/2020,7:30,244,1115.08,,
Beit Dagan,09/06/2020,7:40,526,2403.82,,
Beit Dagan,09/06/2020,7:50,630,2879.1,,
Beit Dagan,09/06/2020,8:00,571,2609.47,,
Beit Dagan,09/06/2020,8:10,620,2833.4,,
Beit Dagan,09/06/2020,8:20,700,3199,,
Beit Dagan,09/06/2020,8:30,731,3340.67,,
Beit Dagan,09/06/2020,8:40,734,3354.38,,
Beit Dagan,09/06/2020,8:50,759,3468.63,,
Beit Dagan,09/06/2020,9:00,781,3569.17,,
Beit Dagan,09/06/2020,9:10,803,3669.71,,
Beit Dagan,09/06/2020,9:20,837,3825.09,,
Beit Dagan,09/06/2020,9:30,860,3930.2,,
Beit Dagan,09/06/2020,9:40,879,4017.03,,
Beit Dagan,09/06/2020,9:50,901,4117.57,,
Beit Dagan,09/06/2020,10:00,922,4213.54,,
Beit Dagan,09/06/2020,10:10,932,4259.24,,
Beit Dagan,09/06/2020,10:20,949,4336.93,,
Beit Dagan,09/06/2020,10:30,963,4400.91,,
Beit Dagan,09/06/2020,10:40,969,4428.33,,
Beit Dagan,09/06/2020,10:50,987,4510.59,,
Beit Dagan,09/06/2020,11:00,999,4565.43,,
Beit Dagan,09/06/2020,11:10,1013,4629.41,,
Beit Dagan,09/06/2020,11:20,1023,4675.11,,
Beit Dagan,09/06/2020,11:30,817,3733.69,,
Beit Dagan,09/06/2020,11:40,990,4524.3,,
Beit Dagan,09/06/2020,11:50,1022,4670.54,,
Beit Dagan,09/06/2020,12:00,1036,4734.52,,
Beit Dagan,09/06/2020,12:10,1029,4702.53,,
Beit Dagan,09/06/2020,12:20,1023,4675.11,,
Beit Dagan,09/06/2020,12:30,1016,4643.12,,
Beit Dagan,09/06/2020,12:40,1007,4601.99,,
Beit Dagan,09/06/2020,12:50,995,4547.15,,
Beit Dagan,09/06/2020,13:00,981,4483.17,,
Beit Dagan,09/06/2020,13:10,967,4419.19,,
Beit Dagan,09/06/2020,13:20,948,4332.36,,
Beit Dagan,09/06/2020,13:30,930,4250.1,,
Beit Dagan,09/06/2020,13:40,914,4176.98,,
Beit Dagan,09/06/2020,13:50,895,4090.15,,
Beit Dagan,09/06/2020,14:00,877,4007.89,,
Beit Dagan,09/06/2020,14:10,860,3930.2,,
Beit Dagan,09/06/2020,14:20,824,3765.68,,
Beit Dagan,09/06/2020,14:30,613,2801.41,,
Beit Dagan,09/06/2020,14:40,300,1371,,
Beit Dagan,09/06/2020,14:50,737,3368.09,,
Beit Dagan,09/06/2020,15:00,807,3687.99,,
Beit Dagan,09/06/2020,15:10,718,3281.26,,
Beit Dagan,09/06/2020,15:20,686,3135.02,,
Beit Dagan,09/06/2020,15:30,651,2975.07,,
Beit Dagan,09/06/2020,15:40,600,2742,,
Beit Dagan,09/06/2020,15:50,507,2316.99,,
Beit Dagan,09/06/2020,16:00,541,2472.37,,
Beit Dagan,09/06/2020,16:10,251,1147.07,,
Beit Dagan,09/06/2020,16:20,459,2097.63,,
Beit Dagan,09/06/2020,16:30,355,1622.35,,
Beit Dagan,09/06/2020,16:40,429,1960.53,,
Beit Dagan,09/06/2020,16:50,358,1636.06,,
Beit Dagan,09/06/2020,17:00,320,1462.4,,
Beit Dagan,09/06/2020,17:10,278,1270.46,,
Beit Dagan,09/06/2020,17:20,237,1083.09,,
Beit Dagan,09/06/2020,17:30,204,932.28,,
Beit Dagan,09/06/2020,17:40,157,717.49,,
Beit Dagan,09/06/2020,17:50,135,616.95,,
Beit Dagan,09/06/2020,18:00,107,488.99,,
Beit Dagan,09/06/2020,18:10,63,287.91,,
Beit Dagan,09/06/2020,18:20,22,100.54,,
Beit Dagan,09/06/2020,18:30,12,54.84,,
Beit Dagan,09/06/2020,18:40,5,22.85,,
Beit Dagan,09/06/2020,18:50,0,0,,
Beit Dagan,09/06/2020,19:00,0,0,,
Beit Dagan,09/06/2020,19:10,0,0,,
Beit Dagan,09/06/2020,19:20,0,0,,
Beit Dagan,09/06/2020,19:30,0,0,,
Beit Dagan,09/06/2020,19:40,0,0,,
Beit Dagan,09/06/2020,19:50,0,0,,
Beit Dagan,09/06/2020,20:00,0,0,,
Beit Dagan,09/06/2020,20:10,0,0,,
Beit Dagan,09/06/2020,20:20,0,0,,
Beit Dagan,09/06/2020,20:30,0,0,,
Beit Dagan,09/06/2020,20:40,0,0,,
Beit Dagan,09/06/2020,20:50,0,0,,
Beit Dagan,09/06/2020,21:00,0,0,,
Beit Dagan,09/06/2020,21:10,0,0,,
Beit Dagan,09/06/2020,21:20,0,0,,
Beit Dagan,09/06/2020,21:30,0,0,,
Beit Dagan,09/06/2020,21:40,0,0,,
Beit Dagan,09/06/2020,21:50,0,0,,
Beit Dagan,09/06/2020,22:00,0,0,,
Beit Dagan,09/06/2020,22:10,0,0,,
Beit Dagan,09/06/2020,22:20,0,0,,
Beit Dagan,09/06/2020,22:30,0,0,,
Beit Dagan,09/06/2020,22:40,0,0,,
Beit Dagan,09/06/2020,22:50,0,0,,
Beit Dagan,09/06/2020,23:00,0,0,,
Beit Dagan,09/06/2020,23:10,0,0,,
Beit Dagan,09/06/2020,23:20,0,0,,
Beit Dagan,09/06/2020,23:30,0,0,,
Beit Dagan,09/06/2020,23:40,0,0,,
Beit Dagan,09/06/2020,23:50,0,0,,
Beit Dagan,10/06/2020,0:00,0,0,,
Beit Dagan,10/06/2020,0:10,0,0,,
Beit Dagan,10/06/2020,0:20,0,0,,
Beit Dagan,10/06/2020,0:30,0,0,,
Beit Dagan,10/06/2020,0:40,0,0,,
Beit Dagan,10/06/2020,0:50,0,0,,
Beit Dagan,10/06/2020,1:00,0,0,,
Beit Dagan,10/06/2020,1:10,0,0,,
Beit Dagan,10/06/2020,1:20,0,0,,
Beit Dagan,10/06/2020,1:30,0,0,,
Beit Dagan,10/06/2020,1:40,0,0,,
Beit Dagan,10/06/2020,1:50,0,0,,
Beit Dagan,10/06/2020,2:00,0,0,,
Beit Dagan,10/06/2020,2:10,0,0,,
Beit Dagan,10/06/2020,2:20,0,0,,
Beit Dagan,10/06/2020,2:30,0,0,,
Beit Dagan,10/06/2020,2:40,0,0,,
Beit Dagan,10/06/2020,2:50,0,0,,
Beit Dagan,10/06/2020,3:00,0,0,,
Beit Dagan,10/06/2020,3:10,0,0,,
Beit Dagan,10/06/2020,3:20,0,0,,
Beit Dagan,10/06/2020,3:30,0,0,,
Beit Dagan,10/06/2020,3:40,0,0,,
Beit Dagan,10/06/2020,3:50,0,0,,
Beit Dagan,10/06/2020,4:00,0,0,,
Beit Dagan,10/06/2020,4:10,0,0,,
Beit Dagan,10/06/2020,4:20,0,0,,
Beit Dagan,10/06/2020,4:30,0,0,,
Beit Dagan,10/06/2020,4:40,4,18.28,,
Beit Dagan,10/06/2020,4:50,12,54.84,,
Beit Dagan,10/06/2020,5:00,22,100.54,,
Beit Dagan,10/06/2020,5:10,57,260.49,,
Beit Dagan,10/06/2020,5:20,88,402.16,,
Beit Dagan,10/06/2020,5:30,115,525.55,,
Beit Dagan,10/06/2020,5:40,149,680.93,,
Beit Dagan,10/06/2020,5:50,181,827.17,,
Beit Dagan,10/06/2020,6:00,154,703.78,,
Beit Dagan,10/06/2020,6:10,207,945.99,,
Beit Dagan,10/06/2020,6:20,267,1220.19,,
Beit Dagan,10/06/2020,6:30,274,1252.18,,
Beit Dagan,10/06/2020,6:40,375,1713.75,,
Beit Dagan,10/06/2020,6:50,315,1439.55,,
Beit Dagan,10/06/2020,7:00,354,1617.78,,
Beit Dagan,10/06/2020,7:10,414,1891.98,,
Beit Dagan,10/06/2020,7:20,443,2024.51,,
Beit Dagan,10/06/2020,7:30,275,1256.75,,
Beit Dagan,10/06/2020,7:40,401,1832.57,,
Beit Dagan,10/06/2020,7:50,620,2833.4,,
Beit Dagan,10/06/2020,8:00,634,2897.38,,
Beit Dagan,10/06/2020,8:10,642,2933.94,,
Beit Dagan,10/06/2020,8:20,679,3103.03,,
Beit Dagan,10/06/2020,8:30,716,3272.12,,
Beit Dagan,10/06/2020,8:40,751,3432.07,,
Beit Dagan,10/06/2020,8:50,777,3550.89,,
Beit Dagan,10/06/2020,9:00,799,3651.43,,
Beit Dagan,10/06/2020,9:10,816,3729.12,,
Beit Dagan,10/06/2020,9:20,846,3866.22,,
Beit Dagan,10/06/2020,9:30,860,3930.2,,
Beit Dagan,10/06/2020,9:40,886,4049.02,,
Beit Dagan,10/06/2020,9:50,903,4126.71,,
Beit Dagan,10/06/2020,10:00,923,4218.11,,
Beit Dagan,10/06/2020,10:10,937,4282.09,,
Beit Dagan,10/06/2020,10:20,951,4346.07,,
Beit Dagan,10/06/2020,10:30,963,4400.91,,
Beit Dagan,10/06/2020,10:40,976,4460.32,,
Beit Dagan,10/06/2020,10:50,988,4515.16,,
Beit Dagan,10/06/2020,11:00,994,4542.58,,
Beit Dagan,10/06/2020,11:10,1004,4588.28,,
Beit Dagan,10/06/2020,11:20,1011,4620.27,,
Beit Dagan,10/06/2020,11:30,1014,4633.98,,
Beit Dagan,10/06/2020,11:40,1014,4633.98,,
Beit Dagan,10/06/2020,11:50,1019,4656.83,,
Beit Dagan,10/06/2020,12:00,1017,4647.69,,
Beit Dagan,10/06/2020,12:10,1010,4615.7,,
Beit Dagan,10/06/2020,12:20,1006,4597.42,,
Beit Dagan,10/06/2020,12:30,1002,4579.14,,
Beit Dagan,10/06/2020,12:40,989,4519.73,,
Beit Dagan,10/06/2020,12:50,982,4487.74,,
Beit Dagan,10/06/2020,13:00,971,4437.47,,
Beit Dagan,10/06/2020,13:10,957,4373.49,,
Beit Dagan,10/06/2020,13:20,942,4304.94,,
Beit Dagan,10/06/2020,13:30,924,4222.68,,
Beit Dagan,10/06/2020,13:40,909,4154.13,,
Beit Dagan,10/06/2020,13:50,890,4067.3,,
Beit Dagan,10/06/2020,14:00,865,3953.05,,
Beit Dagan,10/06/2020,14:10,844,3857.08,,
Beit Dagan,10/06/2020,14:20,817,3733.69,,
Beit Dagan,10/06/2020,14:30,793,3624.01,,
Beit Dagan,10/06/2020,14:40,765,3496.05,,
Beit Dagan,10/06/2020,14:50,735,3358.95,,
Beit Dagan,10/06/2020,15:00,706,3226.42,,
Beit Dagan,10/06/2020,15:10,675,3084.75,,
Beit Dagan,10/06/2020,15:20,643,2938.51,,
Beit Dagan,10/06/2020,15:30,611,2792.27,,
Beit Dagan,10/06/2020,15:40,578,2641.46,,
Beit Dagan,10/06/2020,15:50,542,2476.94,,
Beit Dagan,10/06/2020,16:00,509,2326.13,,
Beit Dagan,10/06/2020,16:10,473,2161.61,,
Beit Dagan,10/06/2020,16:20,433,1978.81,,
Beit Dagan,10/06/2020,16:30,397,1814.29,,
Beit Dagan,10/06/2020,16:40,352,1608.64,,
Beit Dagan,10/06/2020,16:50,303,1384.71,,
Beit Dagan,10/06/2020,17:00,278,1270.46,,
Beit Dagan,10/06/2020,17:10,247,1128.79,,
Beit Dagan,10/06/2020,17:20,210,959.7,,
Beit Dagan,10/06/2020,17:30,181,827.17,,
Beit Dagan,10/06/2020,17:40,151,690.07,,
Beit Dagan,10/06/2020,17:50,117,534.69,,
Beit Dagan,10/06/2020,18:00,87,397.59,,
Beit Dagan,10/06/2020,18:10,61,278.77,,
Beit Dagan,10/06/2020,18:20,38,173.66,,
Beit Dagan,10/06/2020,18:30,21,95.97,,
Beit Dagan,10/06/2020,18:40,9,41.13,,
Beit Dagan,10/06/2020,18:50,0,0,,
Beit Dagan,10/06/2020,19:00,0,0,,
Beit Dagan,10/06/2020,19:10,0,0,,
Beit Dagan,10/06/2020,19:20,0,0,,
Beit Dagan,10/06/2020,19:30,0,0,,
Beit Dagan,10/06/2020,19:40,0,0,,
Beit Dagan,10/06/2020,19:50,0,0,,
Beit Dagan,10/06/2020,20:00,0,0,,
Beit Dagan,10/06/2020,20:10,0,0,,
Beit Dagan,10/06/2020,20:20,0,0,,
Beit Dagan,10/06/2020,20:30,0,0,,
Beit Dagan,10/06/2020,20:40,0,0,,
Beit Dagan,10/06/2020,20:50,0,0,,
Beit Dagan,10/06/2020,21:00,0,0,,
Beit Dagan,10/06/2020,21:10,0,0,,
Beit Dagan,10/06/2020,21:20,0,0,,
Beit Dagan,10/06/2020,21:30,0,0,,
Beit Dagan,10/06/2020,21:40,0,0,,
Beit Dagan,10/06/2020,21:50,0,0,,
Beit Dagan,10/06/2020,22:00,0,0,,
Beit Dagan,10/06/2020,22:10,0,0,,
Beit Dagan,10/06/2020,22:20,0,0,,
Beit Dagan,10/06/2020,22:30,0,0,,
Beit Dagan,10/06/2020,22:40,0,0,,
Beit Dagan,10/06/2020,22:50,0,0,,
Beit Dagan,10/06/2020,23:00,0,0,,
Beit Dagan,10/06/2020,23:10,0,0,,
Beit Dagan,10/06/2020,23:20,0,0,,
Beit Dagan,10/06/2020,23:30,0,0,,
Beit Dagan,10/06/2020,23:40,0,0,,
Beit Dagan,10/06/2020,23:50,0,0,,
Beit Dagan,11/06/2020,0:00,0,0,,
Beit Dagan,11/06/2020,0:10,0,0,,
Beit Dagan,11/06/2020,0:20,0,0,,
Beit Dagan,11/06/2020,0:30,0,0,,
Beit Dagan,11/06/2020,0:40,0,0,,
Beit Dagan,11/06/2020,0:50,0,0,,
Beit Dagan,11/06/2020,1:00,0,0,,
Beit Dagan,11/06/2020,1:10,0,0,,
Beit Dagan,11/06/2020,1:20,0,0,,
Beit Dagan,11/06/2020,1:30,0,0,,
Beit Dagan,11/06/2020,1:40,0,0,,
Beit Dagan,11/06/2020,1:50,0,0,,
Beit Dagan,11/06/2020,2:00,0,0,,
Beit Dagan,11/06/2020,2:10,0,0,,
Beit Dagan,11/06/2020,2:20,0,0,,
Beit Dagan,11/06/2020,2:30,0,0,,
Beit Dagan,11/06/2020,2:40,0,0,,
Beit Dagan,11/06/2020,2:50,0,0,,
Beit Dagan,11/06/2020,3:00,0,0,,
Beit Dagan,11/06/2020,3:10,0,0,,
Beit Dagan,11/06/2020,3:20,0,0,,
Beit Dagan,11/06/2020,3:30,0,0,,
Beit Dagan,11/06/2020,3:40,0,0,,
Beit Dagan,11/06/2020,3:50,0,0,,
Beit Dagan,11/06/2020,4:00,0,0,,
Beit Dagan,11/06/2020,4:10,0,0,,
Beit Dagan,11/06/2020,4:20,0,0,,
Beit Dagan,11/06/2020,4:30,2,9.14,,
Beit Dagan,11/06/2020,4:40,4,18.28,,
Beit Dagan,11/06/2020,4:50,10,45.7,,
Beit Dagan,11/06/2020,5:00,20,91.4,,
Beit Dagan,11/06/2020,5:10,34,155.38,,
Beit Dagan,11/06/2020,5:20,51,233.07,,
Beit Dagan,11/06/2020,5:30,66,301.62,,
Beit Dagan,11/06/2020,5:40,80,365.6,,
Beit Dagan,11/06/2020,5:50,56,255.92,,
Beit Dagan,11/06/2020,6:00,65,297.05,,
Beit Dagan,11/06/2020,6:10,172,786.04,,
Beit Dagan,11/06/2020,6:20,153,699.21,,
Beit Dagan,11/06/2020,6:30,297,1357.29,,
Beit Dagan,11/06/2020,6:40,338,1544.66,,
Beit Dagan,11/06/2020,6:50,225,1028.25,,
Beit Dagan,11/06/2020,7:00,382,1745.74,,
Beit Dagan,11/06/2020,7:10,429,1960.53,,
Beit Dagan,11/06/2020,7:20,434,1983.38,,
Beit Dagan,11/06/2020,7:30,494,2257.58,,
Beit Dagan,11/06/2020,7:40,540,2467.8,,
Beit Dagan,11/06/2020,7:50,566,2586.62,,
Beit Dagan,11/06/2020,8:00,592,2705.44,,
Beit Dagan,11/06/2020,8:10,615,2810.55,,
Beit Dagan,11/06/2020,8:20,649,2965.93,,
Beit Dagan,11/06/2020,8:30,676,3089.32,,
Beit Dagan,11/06/2020,8:40,710,3244.7,,
Beit Dagan,11/06/2020,8:50,737,3368.09,,
Beit Dagan,11/06/2020,9:00,774,3537.18,,
Beit Dagan,11/06/2020,9:10,800,3656,,
Beit Dagan,11/06/2020,9:20,822,3756.54,,
Beit Dagan,11/06/2020,9:30,845,3861.65,,
Beit Dagan,11/06/2020,9:40,870,3975.9,,
Beit Dagan,11/06/2020,9:50,893,4081.01,,
Beit Dagan,11/06/2020,10:00,913,4172.41,,
Beit Dagan,11/06/2020,10:10,936,4277.52,,
Beit Dagan,11/06/2020,10:20,951,4346.07,,
Beit Dagan,11/06/2020,10:30,969,4428.33,,
Beit Dagan,11/06/2020,10:40,988,4515.16,,
Beit Dagan,11/06/2020,10:50,997,4556.29,,
Beit Dagan,11/06/2020,11:00,1011,4620.27,,
Beit Dagan,11/06/2020,11:10,1015,4638.55,,
Beit Dagan,11/06/2020,11:20,1021,4665.97,,
Beit Dagan,11/06/2020,11:30,1027,4693.39,,
Beit Dagan,11/06/2020,11:40,982,4487.74,,
Beit Dagan,11/06/2020,11:50,1016,4643.12,,
Beit Dagan,11/06/2020,12:00,965,4410.05,,
Beit Dagan,11/06/2020,12:10,994,4542.58,,
Beit Dagan,11/06/2020,12:20,977,4464.89,,
Beit Dagan,11/06/2020,12:30,1013,4629.41,,
Beit Dagan,11/06/2020,12:40,1004,4588.28,,
Beit Dagan,11/06/2020,12:50,996,4551.72,,
Beit Dagan,11/06/2020,13:00,985,4501.45,,
Beit Dagan,11/06/2020,13:10,978,4469.46,,
Beit Dagan,11/06/2020,13:20,960,4387.2,,
Beit Dagan,11/06/2020,13:30,934,4268.38,,
Beit Dagan,11/06/2020,13:40,704,3217.28,,
Beit Dagan,11/06/2020,13:50,448,2047.36,,
Beit Dagan,11/06/2020,14:00,604,2760.28,,
Beit Dagan,11/06/2020,14:10,911,4163.27,,
Beit Dagan,11/06/2020,14:20,821,3751.97,,
Beit Dagan,11/06/2020,14:30,822,3756.54,,
Beit Dagan,11/06/2020,14:40,687,3139.59,,
Beit Dagan,11/06/2020,14:50,609,2783.13,,
Beit Dagan,11/06/2020,15:00,699,3194.43,,
Beit Dagan,11/06/2020,15:10,667,3048.19,,
Beit Dagan,11/06/2020,15:20,553,2527.21,,
Beit Dagan,11/06/2020,15:30,484,2211.88,,
Beit Dagan,11/06/2020,15:40,528,2412.96,,
Beit Dagan,11/06/2020,15:50,309,1412.13,,
Beit Dagan,11/06/2020,16:00,600,2742,,
Beit Dagan,11/06/2020,16:10,533,2435.81,,
Beit Dagan,11/06/2020,16:20,452,2065.64,,
Beit Dagan,11/06/2020,16:30,408,1864.56,,
Beit Dagan,11/06/2020,16:40,349,1594.93,,
Beit Dagan,11/06/2020,16:50,269,1229.33,,
Beit Dagan,11/06/2020,17:00,375,1713.75,,
Beit Dagan,11/06/2020,17:10,314,1434.98,,
Beit Dagan,11/06/2020,17:20,256,1169.92,,
Beit Dagan,11/06/2020,17:30,213,973.41,,
Beit Dagan,11/06/2020,17:40,168,767.76,,
Beit Dagan,11/06/2020,17:50,141,644.37,,
Beit Dagan,11/06/2020,18:00,106,484.42,,
Beit Dagan,11/06/2020,18:10,76,347.32,,
Beit Dagan,11/06/2020,18:20,41,187.37,,
Beit Dagan,11/06/2020,18:30,22,100.54,,
Beit Dagan,11/06/2020,18:40,10,45.7,,
Beit Dagan,11/06/2020,18:50,0,0,,
Beit Dagan,11/06/2020,19:00,0,0,,
Beit Dagan,11/06/2020,19:10,0,0,,
Beit Dagan,11/06/2020,19:20,0,0,,
Beit Dagan,11/06/2020,19:30,0,0,,
Beit Dagan,11/06/2020,19:40,0,0,,
Beit Dagan,11/06/2020,19:50,0,0,,
Beit Dagan,11/06/2020,20:00,0,0,,
Beit Dagan,11/06/2020,20:10,0,0,,
Beit Dagan,11/06/2020,20:20,0,0,,
Beit Dagan,11/06/2020,20:30,0,0,,
Beit Dagan,11/06/2020,20:40,0,0,,
Beit Dagan,11/06/2020,20:50,0,0,,
Beit Dagan,11/06/2020,21:00,0,0,,
Beit Dagan,11/06/2020,21:10,0,0,,
Beit Dagan,11/06/2020,21:20,0,0,,
Beit Dagan,11/06/2020,21:30,0,0,,
Beit Dagan,11/06/2020,21:40,0,0,,
Beit Dagan,11/06/2020,21:50,0,0,,
Beit Dagan,11/06/2020,22:00,0,0,,
Beit Dagan,11/06/2020,22:10,0,0,,
Beit Dagan,11/06/2020,22:20,0,0,,
Beit Dagan,11/06/2020,22:30,0,0,,
Beit Dagan,11/06/2020,22:40,0,0,,
Beit Dagan,11/06/2020,22:50,0,0,,
Beit Dagan,11/06/2020,23:00,0,0,,
Beit Dagan,11/06/2020,23:10,0,0,,
Beit Dagan,11/06/2020,23:20,0,0,,
Beit Dagan,11/06/2020,23:30,0,0,,
Beit Dagan,11/06/2020,23:40,0,0,,
Beit Dagan,11/06/2020,23:50,0,0,,
Beit Dagan,12/06/2020,0:00,0,0,,
Beit Dagan,12/06/2020,0:10,0,0,,
Beit Dagan,12/06/2020,0:20,0,0,,
Beit Dagan,12/06/2020,0:30,0,0,,
Beit Dagan,12/06/2020,0:40,0,0,,
Beit Dagan,12/06/2020,0:50,0,0,,
Beit Dagan,12/06/2020,1:00,0,0,,
Beit Dagan,12/06/2020,1:10,0,0,,
Beit Dagan,12/06/2020,1:20,0,0,,
Beit Dagan,12/06/2020,1:30,0,0,,
Beit Dagan,12/06/2020,1:40,0,0,,
Beit Dagan,12/06/2020,1:50,0,0,,
Beit Dagan,12/06/2020,2:00,0,0,,
Beit Dagan,12/06/2020,2:10,0,0,,
Beit Dagan,12/06/2020,2:20,0,0,,
Beit Dagan,12/06/2020,2:30,0,0,,
Beit Dagan,12/06/2020,2:40,0,0,,
Beit Dagan,12/06/2020,2:50,0,0,,
Beit Dagan,12/06/2020,3:00,0,0,,
Beit Dagan,12/06/2020,3:10,0,0,,
Beit Dagan,12/06/2020,3:20,0,0,,
Beit Dagan,12/06/2020,3:30,0,0,,
Beit Dagan,12/06/2020,3:40,0,0,,
Beit Dagan,12/06/2020,3:50,0,0,,
Beit Dagan,12/06/2020,4:00,0,0,,
Beit Dagan,12/06/2020,4:10,0,0,,
Beit Dagan,12/06/2020,4:20,0,0,,
Beit Dagan,12/06/2020,4:30,0,0,,
Beit Dagan,12/06/2020,4:40,4,18.28,,
Beit Dagan,12/06/2020,4:50,11,50.27,,
Beit Dagan,12/06/2020,5:00,22,100.54,,
Beit Dagan,12/06/2020,5:10,51,233.07,,
Beit Dagan,12/06/2020,5:20,75,342.75,,
Beit Dagan,12/06/2020,5:30,109,498.13,,
Beit Dagan,12/06/2020,5:40,152,694.64,,
Beit Dagan,12/06/2020,5:50,202,923.14,,
Beit Dagan,12/06/2020,6:00,230,1051.1,,
Beit Dagan,12/06/2020,6:10,234,1069.38,,
Beit Dagan,12/06/2020,6:20,251,1147.07,,
Beit Dagan,12/06/2020,6:30,289,1320.73,,
Beit Dagan,12/06/2020,6:40,335,1530.95,,
Beit Dagan,12/06/2020,6:50,384,1754.88,,
Beit Dagan,12/06/2020,7:00,416,1901.12,,
Beit Dagan,12/06/2020,7:10,406,1855.42,,
Beit Dagan,12/06/2020,7:20,395,1805.15,,
Beit Dagan,12/06/2020,7:30,479,2189.03,,
Beit Dagan,12/06/2020,7:40,265,1211.05,,
Beit Dagan,12/06/2020,7:50,578,2641.46,,
Beit Dagan,12/06/2020,8:00,634,2897.38,,
Beit Dagan,12/06/2020,8:10,664,3034.48,,
Beit Dagan,12/06/2020,8:20,685,3130.45,,
Beit Dagan,12/06/2020,8:30,715,3267.55,,
Beit Dagan,12/06/2020,8:40,750,3427.5,,
Beit Dagan,12/06/2020,8:50,768,3509.76,,
Beit Dagan,12/06/2020,9:00,793,3624.01,,
Beit Dagan,12/06/2020,9:10,821,3751.97,,
Beit Dagan,12/06/2020,9:20,844,3857.08,,
Beit Dagan,12/06/2020,9:30,864,3948.48,,
Beit Dagan,12/06/2020,9:40,892,4076.44,,
Beit Dagan,12/06/2020,9:50,912,4167.84,,
Beit Dagan,12/06/2020,10:00,930,4250.1,,
Beit Dagan,12/06/2020,10:10,948,4332.36,,
Beit Dagan,12/06/2020,10:20,958,4378.06,,
Beit Dagan,12/06/2020,10:30,975,4455.75,,
Beit Dagan,12/06/2020,10:40,986,4506.02,,
Beit Dagan,12/06/2020,10:50,1005,4592.85,,
Beit Dagan,12/06/2020,11:00,1027,4693.39,,
Beit Dagan,12/06/2020,11:10,857,3916.49,,
Beit Dagan,12/06/2020,11:20,933,4263.81,,
Beit Dagan,12/06/2020,11:30,1020,4661.4,,
Beit Dagan,12/06/2020,11:40,1026,4688.82,,
Beit Dagan,12/06/2020,11:50,1029,4702.53,,
Beit Dagan,12/06/2020,12:00,1024,4679.68,,
Beit Dagan,12/06/2020,12:10,1020,4661.4,,
Beit Dagan,12/06/2020,12:20,1017,4647.69,,
Beit Dagan,12/06/2020,12:30,1011,4620.27,,
Beit Dagan,12/06/2020,12:40,1002,4579.14,,
Beit Dagan,12/06/2020,12:50,998,4560.86,,
Beit Dagan,12/06/2020,13:00,983,4492.31,,
Beit Dagan,12/06/2020,13:10,968,4423.76,,
Beit Dagan,12/06/2020,13:20,932,4259.24,,
Beit Dagan,12/06/2020,13:30,892,4076.44,,
Beit Dagan,12/06/2020,13:40,943,4309.51,,
Beit Dagan,12/06/2020,13:50,698,3189.86,,
Beit Dagan,12/06/2020,14:00,864,3948.48,,
Beit Dagan,12/06/2020,14:10,857,3916.49,,
Beit Dagan,12/06/2020,14:20,830,3793.1,,
Beit Dagan,12/06/2020,14:30,805,3678.85,,
Beit Dagan,12/06/2020,14:40,779,3560.03,,
Beit Dagan,12/06/2020,14:50,751,3432.07,,
Beit Dagan,12/06/2020,15:00,726,3317.82,,
Beit Dagan,12/06/2020,15:10,690,3153.3,,
Beit Dagan,12/06/2020,15:20,656,2997.92,,
Beit Dagan,12/06/2020,15:30,630,2879.1,,
Beit Dagan,12/06/2020,15:40,570,2604.9,,
Beit Dagan,12/06/2020,15:50,360,1645.2,,
Beit Dagan,12/06/2020,16:00,287,1311.59,,
Beit Dagan,12/06/2020,16:10,430,1965.1,,
Beit Dagan,12/06/2020,16:20,280,1279.6,,
Beit Dagan,12/06/2020,16:30,298,1361.86,,
Beit Dagan,12/06/2020,16:40,293,1339.01,,
Beit Dagan,12/06/2020,16:50,239,1092.23,,
Beit Dagan,12/06/2020,17:00,249,1137.93,,
Beit Dagan,12/06/2020,17:10,293,1339.01,,
Beit Dagan,12/06/2020,17:20,174,795.18,,
Beit Dagan,12/06/2020,17:30,174,795.18,,
Beit Dagan,12/06/2020,17:40,162,740.34,,
Beit Dagan,12/06/2020,17:50,138,630.66,,
Beit Dagan,12/06/2020,18:00,103,470.71,,
Beit Dagan,12/06/2020,18:10,71,324.47,,
Beit Dagan,12/06/2020,18:20,40,182.8,,
Beit Dagan,12/06/2020,18:30,22,100.54,,
Beit Dagan,12/06/2020,18:40,8,36.56,,
Beit Dagan,12/06/2020,18:50,0,0,,
Beit Dagan,12/06/2020,19:00,0,0,,
Beit Dagan,12/06/2020,19:10,0,0,,
Beit Dagan,12/06/2020,19:20,0,0,,
Beit Dagan,12/06/2020,19:30,0,0,,
Beit Dagan,12/06/2020,19:40,0,0,,
Beit Dagan,12/06/2020,19:50,0,0,,
Beit Dagan,12/06/2020,20:00,0,0,,
Beit Dagan,12/06/2020,20:10,0,0,,
Beit Dagan,12/06/2020,20:20,0,0,,
Beit Dagan,12/06/2020,20:30,0,0,,
Beit Dagan,12/06/2020,20:40,0,0,,
Beit Dagan,12/06/2020,20:50,0,0,,
Beit Dagan,12/06/2020,21:00,0,0,,
Beit Dagan,12/06/2020,21:10,0,0,,
Beit Dagan,12/06/2020,21:20,0,0,,
Beit Dagan,12/06/2020,21:30,0,0,,
Beit Dagan,12/06/2020,21:40,0,0,,
Beit Dagan,12/06/2020,21:50,0,0,,
Beit Dagan,12/06/2020,22:00,0,0,,
Beit Dagan,12/06/2020,22:10,0,0,,
Beit Dagan,12/06/2020,22:20,0,0,,
Beit Dagan,12/06/2020,22:30,0,0,,
Beit Dagan,12/06/2020,22:40,0,0,,
Beit Dagan,12/06/2020,22:50,0,0,,
Beit Dagan,12/06/2020,23:00,0,0,,
Beit Dagan,12/06/2020,23:10,0,0,,
Beit Dagan,12/06/2020,23:20,0,0,,
Beit Dagan,12/06/2020,23:30,0,0,,
Beit Dagan,12/06/2020,23:40,0,0,,
Beit Dagan,12/06/2020,23:50,0,0,,
Beit Dagan,13/06/2020,0:00,0,0,,
Beit Dagan,13/06/2020,0:10,0,0,,
Beit Dagan,13/06/2020,0:20,0,0,,
Beit Dagan,13/06/2020,0:30,0,0,,
Beit Dagan,13/06/2020,0:40,0,0,,
Beit Dagan,13/06/2020,0:50,0,0,,
Beit Dagan,13/06/2020,1:00,0,0,,
Beit Dagan,13/06/2020,1:10,0,0,,
Beit Dagan,13/06/2020,1:20,0,0,,
Beit Dagan,13/06/2020,1:30,0,0,,
Beit Dagan,13/06/2020,1:40,0,0,,
Beit Dagan,13/06/2020,1:50,0,0,,
Beit Dagan,13/06/2020,2:00,0,0,,
Beit Dagan,13/06/2020,2:10,0,0,,
Beit Dagan,13/06/2020,2:20,0,0,,
Beit Dagan,13/06/2020,2:30,0,0,,
Beit Dagan,13/06/2020,2:40,0,0,,
Beit Dagan,13/06/2020,2:50,0,0,,
Beit Dagan,13/06/2020,3:00,0,0,,
Beit Dagan,13/06/2020,3:10,0,0,,
Beit Dagan,13/06/2020,3:20,0,0,,
Beit Dagan,13/06/2020,3:30,0,0,,
Beit Dagan,13/06/2020,3:40,0,0,,
Beit Dagan,13/06/2020,3:50,0,0,,
Beit Dagan,13/06/2020,4:00,0,0,,
Beit Dagan,13/06/2020,4:10,0,0,,
Beit Dagan,13/06/2020,4:20,0,0,,
Beit Dagan,13/06/2020,4:30,1,4.57,,
Beit Dagan,13/06/2020,4:40,5,22.85,,
Beit Dagan,13/06/2020,4:50,12,54.84,,
Beit Dagan,13/06/2020,5:00,22,100.54,,
Beit Dagan,13/06/2020,5:10,48,219.36,,
Beit Dagan,13/06/2020,5:20,76,347.32,,
Beit Dagan,13/06/2020,5:30,106,484.42,,
Beit Dagan,13/06/2020,5:40,137,626.09,,
Beit Dagan,13/06/2020,5:50,167,763.19,,
Beit Dagan,13/06/2020,6:00,202,923.14,,
Beit Dagan,13/06/2020,6:10,237,1083.09,,
Beit Dagan,13/06/2020,6:20,272,1243.04,,
Beit Dagan,13/06/2020,6:30,305,1393.85,,
Beit Dagan,13/06/2020,6:40,339,1549.23,,
Beit Dagan,13/06/2020,6:50,373,1704.61,,
Beit Dagan,13/06/2020,7:00,408,1864.56,,
Beit Dagan,13/06/2020,7:10,440,2010.8,,
Beit Dagan,13/06/2020,7:20,475,2170.75,,
Beit Dagan,13/06/2020,7:30,507,2316.99,,
Beit Dagan,13/06/2020,7:40,535,2444.95,,
Beit Dagan,13/06/2020,7:50,568,2595.76,,
Beit Dagan,13/06/2020,8:00,599,2737.43,,
Beit Dagan,13/06/2020,8:10,631,2883.67,,
Beit Dagan,13/06/2020,8:20,662,3025.34,,
Beit Dagan,13/06/2020,8:30,690,3153.3,,
Beit Dagan,13/06/2020,8:40,717,3276.69,,
Beit Dagan,13/06/2020,8:50,742,3390.94,,
Beit Dagan,13/06/2020,9:00,769,3514.33,,
Beit Dagan,13/06/2020,9:10,794,3628.58,,
Beit Dagan,13/06/2020,9:20,818,3738.26,,
Beit Dagan,13/06/2020,9:30,841,3843.37,,
Beit Dagan,13/06/2020,9:40,862,3939.34,,
Beit Dagan,13/06/2020,9:50,883,4035.31,,
Beit Dagan,13/06/2020,10:00,902,4122.14,,
Beit Dagan,13/06/2020,10:10,923,4218.11,,
Beit Dagan,13/06/2020,10:20,938,4286.66,,
Beit Dagan,13/06/2020,10:30,952,4350.64,,
Beit Dagan,13/06/2020,10:40,966,4414.62,,
Beit Dagan,13/06/2020,10:50,965,4410.05,,
Beit Dagan,13/06/2020,11:00,990,4524.3,,
Beit Dagan,13/06/2020,11:10,998,4560.86,,
Beit Dagan,13/06/2020,11:20,1004,4588.28,,
Beit Dagan,13/06/2020,11:30,1010,4615.7,,
Beit Dagan,13/06/2020,11:40,1012,4624.84,,
Beit Dagan,13/06/2020,11:50,1013,4629.41,,
Beit Dagan,13/06/2020,12:00,1012,4624.84,,
Beit Dagan,13/06/2020,12:10,1008,4606.56,,
Beit Dagan,13/06/2020,12:20,1003,4583.71,,
Beit Dagan,13/06/2020,12:30,998,4560.86,,
Beit Dagan,13/06/2020,12:40,991,4528.87,,
Beit Dagan,13/06/2020,12:50,980,4478.6,,
Beit Dagan,13/06/2020,13:00,967,4419.19,,
Beit Dagan,13/06/2020,13:10,955,4364.35,,
Beit Dagan,13/06/2020,13:20,941,4300.37,,
Beit Dagan,13/06/2020,13:30,924,4222.68,,
Beit Dagan,13/06/2020,13:40,905,4135.85,,
Beit Dagan,13/06/2020,13:50,884,4039.88,,
Beit Dagan,13/06/2020,14:00,863,3943.91,,
Beit Dagan,13/06/2020,14:10,841,3843.37,,
Beit Dagan,13/06/2020,14:20,816,3729.12,,
Beit Dagan,13/06/2020,14:30,790,3610.3,,
Beit Dagan,13/06/2020,14:40,765,3496.05,,
Beit Dagan,13/06/2020,14:50,735,3358.95,,
Beit Dagan,13/06/2020,15:00,705,3221.85,,
Beit Dagan,13/06/2020,15:10,673,3075.61,,
Beit Dagan,13/06/2020,15:20,641,2929.37,,
Beit Dagan,13/06/2020,15:30,614,2805.98,,
Beit Dagan,13/06/2020,15:40,568,2595.76,,
Beit Dagan,13/06/2020,15:50,464,2120.48,,
Beit Dagan,13/06/2020,16:00,515,2353.55,,
Beit Dagan,13/06/2020,16:10,470,2147.9,,
Beit Dagan,13/06/2020,16:20,430,1965.1,,
Beit Dagan,13/06/2020,16:30,402,1837.14,,
Beit Dagan,13/06/2020,16:40,369,1686.33,,
Beit Dagan,13/06/2020,16:50,325,1485.25,,
Beit Dagan,13/06/2020,17:00,309,1412.13,,
Beit Dagan,13/06/2020,17:10,258,1179.06,,
Beit Dagan,13/06/2020,17:20,151,690.07,,
Beit Dagan,13/06/2020,17:30,158,722.06,,
Beit Dagan,13/06/2020,17:40,160,731.2,,
Beit Dagan,13/06/2020,17:50,130,594.1,,
Beit Dagan,13/06/2020,18:00,98,447.86,,
Beit Dagan,13/06/2020,18:10,69,315.33,,
Beit Dagan,13/06/2020,18:20,42,191.94,,
Beit Dagan,13/06/2020,18:30,25,114.25,,
Beit Dagan,13/06/2020,18:40,13,59.41,,
Beit Dagan,13/06/2020,18:50,0,0,,
Beit Dagan,13/06/2020,19:00,0,0,,
Beit Dagan,13/06/2020,19:10,0,0,,
Beit Dagan,13/06/2020,19:20,0,0,,
Beit Dagan,13/06/2020,19:30,0,0,,
Beit Dagan,13/06/2020,19:40,0,0,,
Beit Dagan,13/06/2020,19:50,0,0,,
Beit Dagan,13/06/2020,20:00,0,0,,
Beit Dagan,13/06/2020,20:10,0,0,,
Beit Dagan,13/06/2020,20:20,0,0,,
Beit Dagan,13/06/2020,20:30,0,0,,
Beit Dagan,13/06/2020,20:40,0,0,,
Beit Dagan,13/06/2020,20:50,0,0,,
Beit Dagan,13/06/2020,21:00,0,0,,
Beit Dagan,13/06/2020,21:10,0,0,,
Beit Dagan,13/06/2020,21:20,0,0,,
Beit Dagan,13/06/2020,21:30,0,0,,
Beit Dagan,13/06/2020,21:40,0,0,,
Beit Dagan,13/06/2020,21:50,0,0,,
Beit Dagan,13/06/2020,22:00,0,0,,
Beit Dagan,13/06/2020,22:10,0,0,,
Beit Dagan,13/06/2020,22:20,0,0,,
Beit Dagan,13/06/2020,22:30,0,0,,
Beit Dagan,13/06/2020,22:40,0,0,,
Beit Dagan,13/06/2020,22:50,0,0,,
Beit Dagan,13/06/2020,23:00,0,0,,
Beit Dagan,13/06/2020,23:10,0,0,,
Beit Dagan,13/06/2020,23:20,0,0,,
Beit Dagan,13/06/2020,23:30,0,0,,
Beit Dagan,13/06/2020,23:40,0,0,,
Beit Dagan,13/06/2020,23:50,0,0,,
Beit Dagan,14/06/2020,0:00,0,0,,
Beit Dagan,14/06/2020,0:10,0,0,,
Beit Dagan,14/06/2020,0:20,0,0,,
Beit Dagan,14/06/2020,0:30,0,0,,
Beit Dagan,14/06/2020,0:40,0,0,,
Beit Dagan,14/06/2020,0:50,0,0,,
Beit Dagan,14/06/2020,1:00,0,0,,
Beit Dagan,14/06/2020,1:10,0,0,,
Beit Dagan,14/06/2020,1:20,0,0,,
Beit Dagan,14/06/2020,1:30,0,0,,
Beit Dagan,14/06/2020,1:40,0,0,,
Beit Dagan,14/06/2020,1:50,0,0,,
Beit Dagan,14/06/2020,2:00,0,0,,
Beit Dagan,14/06/2020,2:10,0,0,,
Beit Dagan,14/06/2020,2:20,0,0,,
Beit Dagan,14/06/2020,2:30,0,0,,
Beit Dagan,14/06/2020,2:40,0,0,,
Beit Dagan,14/06/2020,2:50,0,0,,
Beit Dagan,14/06/2020,3:00,0,0,,
Beit Dagan,14/06/2020,3:10,0,0,,
Beit Dagan,14/06/2020,3:20,0,0,,
Beit Dagan,14/06/2020,3:30,0,0,,
Beit Dagan,14/06/2020,3:40,0,0,,
Beit Dagan,14/06/2020,3:50,0,0,,
Beit Dagan,14/06/2020,4:00,0,0,,
Beit Dagan,14/06/2020,4:10,0,0,,
Beit Dagan,14/06/2020,4:20,0,0,,
Beit Dagan,14/06/2020,4:30,0,0,,
Beit Dagan,14/06/2020,4:40,3,13.71,,
Beit Dagan,14/06/2020,4:50,11,50.27,,
Beit Dagan,14/06/2020,5:00,20,91.4,,
Beit Dagan,14/06/2020,5:10,29,132.53,,
Beit Dagan,14/06/2020,5:20,44,201.08,,
Beit Dagan,14/06/2020,5:30,49,223.93,,
Beit Dagan,14/06/2020,5:40,82,374.74,,
Beit Dagan,14/06/2020,5:50,168,767.76,,
Beit Dagan,14/06/2020,6:00,187,854.59,,
Beit Dagan,14/06/2020,6:10,287,1311.59,,
Beit Dagan,14/06/2020,6:20,284,1297.88,,
Beit Dagan,14/06/2020,6:30,319,1457.83,,
Beit Dagan,14/06/2020,6:40,370,1690.9,,
Beit Dagan,14/06/2020,6:50,324,1480.68,,
Beit Dagan,14/06/2020,7:00,213,973.41,,
Beit Dagan,14/06/2020,7:10,415,1896.55,,
Beit Dagan,14/06/2020,7:20,477,2179.89,,
Beit Dagan,14/06/2020,7:30,546,2495.22,,
Beit Dagan,14/06/2020,7:40,539,2463.23,,
Beit Dagan,14/06/2020,7:50,575,2627.75,,
Beit Dagan,14/06/2020,8:00,648,2961.36,,
Beit Dagan,14/06/2020,8:10,701,3203.57,,
Beit Dagan,14/06/2020,8:20,547,2499.79,,
Beit Dagan,14/06/2020,8:30,700,3199,,
Beit Dagan,14/06/2020,8:40,742,3390.94,,
Beit Dagan,14/06/2020,8:50,774,3537.18,,
Beit Dagan,14/06/2020,9:00,778,3555.46,,
Beit Dagan,14/06/2020,9:10,818,3738.26,,
Beit Dagan,14/06/2020,9:20,837,3825.09,,
Beit Dagan,14/06/2020,9:30,866,3957.62,,
Beit Dagan,14/06/2020,9:40,889,4062.73,,
Beit Dagan,14/06/2020,9:50,909,4154.13,,
Beit Dagan,14/06/2020,10:00,929,4245.53,,
Beit Dagan,14/06/2020,10:10,947,4327.79,,
Beit Dagan,14/06/2020,10:20,963,4400.91,,
Beit Dagan,14/06/2020,10:30,980,4478.6,,
Beit Dagan,14/06/2020,10:40,994,4542.58,,
Beit Dagan,14/06/2020,10:50,1005,4592.85,,
Beit Dagan,14/06/2020,11:00,1015,4638.55,,
Beit Dagan,14/06/2020,11:10,1020,4661.4,,
Beit Dagan,14/06/2020,11:20,1027,4693.39,,
Beit Dagan,14/06/2020,11:30,1031,4711.67,,
Beit Dagan,14/06/2020,11:40,1037,4739.09,,
Beit Dagan,14/06/2020,11:50,1035,4729.95,,
Beit Dagan,14/06/2020,12:00,1032,4716.24,,
Beit Dagan,14/06/2020,12:10,1033,4720.81,,
Beit Dagan,14/06/2020,12:20,1031,4711.67,,
Beit Dagan,14/06/2020,12:30,1023,4675.11,,
Beit Dagan,14/06/2020,12:40,1016,4643.12,,
Beit Dagan,14/06/2020,12:50,1002,4579.14,,
Beit Dagan,14/06/2020,13:00,990,4524.3,,
Beit Dagan,14/06/2020,13:10,977,4464.89,,
Beit Dagan,14/06/2020,13:20,970,4432.9,,
Beit Dagan,14/06/2020,13:30,950,4341.5,,
Beit Dagan,14/06/2020,13:40,933,4263.81,,
Beit Dagan,14/06/2020,13:50,914,4176.98,,
Beit Dagan,14/06/2020,14:00,893,4081.01,,
Beit Dagan,14/06/2020,14:10,870,3975.9,,
Beit Dagan,14/06/2020,14:20,845,3861.65,,
Beit Dagan,14/06/2020,14:30,820,3747.4,,
Beit Dagan,14/06/2020,14:40,791,3614.87,,
Beit Dagan,14/06/2020,14:50,763,3486.91,,
Beit Dagan,14/06/2020,15:00,734,3354.38,,
Beit Dagan,14/06/2020,15:10,701,3203.57,,
Beit Dagan,14/06/2020,15:20,669,3057.33,,
Beit Dagan,14/06/2020,15:30,638,2915.66,,
Beit Dagan,14/06/2020,15:40,605,2764.85,,
Beit Dagan,14/06/2020,15:50,570,2604.9,,
Beit Dagan,14/06/2020,16:00,538,2458.66,,
Beit Dagan,14/06/2020,16:10,501,2289.57,,
Beit Dagan,14/06/2020,16:20,466,2129.62,,
Beit Dagan,14/06/2020,16:30,432,1974.24,,
Beit Dagan,14/06/2020,16:40,394,1800.58,,
Beit Dagan,14/06/2020,16:50,356,1626.92,,
Beit Dagan,14/06/2020,17:00,319,1457.83,,
Beit Dagan,14/06/2020,17:10,281,1284.17,,
Beit Dagan,14/06/2020,17:20,246,1124.22,,
Beit Dagan,14/06/2020,17:30,213,973.41,,
Beit Dagan,14/06/2020,17:40,177,808.89,,
Beit Dagan,14/06/2020,17:50,144,658.08,,
Beit Dagan,14/06/2020,18:00,110,502.7,,
Beit Dagan,14/06/2020,18:10,78,356.46,,
Beit Dagan,14/06/2020,18:20,42,191.94,,
Beit Dagan,14/06/2020,18:30,24,109.68,,
Beit Dagan,14/06/2020,18:40,10,45.7,,
Beit Dagan,14/06/2020,18:50,0,0,,
Beit Dagan,14/06/2020,19:00,0,0,,
Beit Dagan,14/06/2020,19:10,0,0,,
Beit Dagan,14/06/2020,19:20,0,0,,
Beit Dagan,14/06/2020,19:30,0,0,,
Beit Dagan,14/06/2020,19:40,0,0,,
Beit Dagan,14/06/2020,19:50,0,0,,
Beit Dagan,14/06/2020,20:00,0,0,,
Beit Dagan,14/06/2020,20:10,0,0,,
Beit Dagan,14/06/2020,20:20,0,0,,
Beit Dagan,14/06/2020,20:30,0,0,,
Beit Dagan,14/06/2020,20:40,0,0,,
Beit Dagan,14/06/2020,20:50,0,0,,
Beit Dagan,14/06/2020,21:00,0,0,,
Beit Dagan,14/06/2020,21:10,0,0,,
Beit Dagan,14/06/2020,21:20,0,0,,
Beit Dagan,14/06/2020,21:30,0,0,,
Beit Dagan,14/06/2020,21:40,0,0,,
Beit Dagan,14/06/2020,21:50,0,0,,
Beit Dagan,14/06/2020,22:00,0,0,,
Beit Dagan,14/06/2020,22:10,0,0,,
Beit Dagan,14/06/2020,22:20,0,0,,
Beit Dagan,14/06/2020,22:30,0,0,,
Beit Dagan,14/06/2020,22:40,0,0,,
Beit Dagan,14/06/2020,22:50,0,0,,
Beit Dagan,14/06/2020,23:00,0,0,,
Beit Dagan,14/06/2020,23:10,0,0,,
Beit Dagan,14/06/2020,23:20,0,0,,
Beit Dagan,14/06/2020,23:30,0,0,,
Beit Dagan,14/06/2020,23:40,0,0,,
Beit Dagan,14/06/2020,23:50,0,0,,
Beit Dagan,15/06/2020,0:00,0,0,,
Beit Dagan,15/06/2020,0:10,0,0,,
Beit Dagan,15/06/2020,0:20,0,0,,
Beit Dagan,15/06/2020,0:30,0,0,,
Beit Dagan,15/06/2020,0:40,0,0,,
Beit Dagan,15/06/2020,0:50,0,0,,
Beit Dagan,15/06/2020,1:00,0,0,,
Beit Dagan,15/06/2020,1:10,0,0,,
Beit Dagan,15/06/2020,1:20,0,0,,
Beit Dagan,15/06/2020,1:30,0,0,,
Beit Dagan,15/06/2020,1:40,0,0,,
Beit Dagan,15/06/2020,1:50,0,0,,
Beit Dagan,15/06/2020,2:00,0,0,,
Beit Dagan,15/06/2020,2:10,0,0,,
Beit Dagan,15/06/2020,2:20,0,0,,
Beit Dagan,15/06/2020,2:30,0,0,,
Beit Dagan,15/06/2020,2:40,0,0,,
Beit Dagan,15/06/2020,2:50,0,0,,
Beit Dagan,15/06/2020,3:00,0,0,,
Beit Dagan,15/06/2020,3:10,0,0,,
Beit Dagan,15/06/2020,3:20,0,0,,
Beit Dagan,15/06/2020,3:30,0,0,,
Beit Dagan,15/06/2020,3:40,0,0,,
Beit Dagan,15/06/2020,3:50,0,0,,
Beit Dagan,15/06/2020,4:00,0,0,,
Beit Dagan,15/06/2020,4:10,0,0,,
Beit Dagan,15/06/2020,4:20,0,0,,
Beit Dagan,15/06/2020,4:30,0,0,,
Beit Dagan,15/06/2020,4:40,4,18.28,,
Beit Dagan,15/06/2020,4:50,12,54.84,,
Beit Dagan,15/06/2020,5:00,30,137.1,,
Beit Dagan,15/06/2020,5:10,67,306.19,,
Beit Dagan,15/06/2020,5:20,81,370.17,,
Beit Dagan,15/06/2020,5:30,102,466.14,,
Beit Dagan,15/06/2020,5:40,136,621.52,,
Beit Dagan,15/06/2020,5:50,166,758.62,,
Beit Dagan,15/06/2020,6:00,198,904.86,,
Beit Dagan,15/06/2020,6:10,232,1060.24,,
Beit Dagan,15/06/2020,6:20,265,1211.05,,
Beit Dagan,15/06/2020,6:30,312,1425.84,,
Beit Dagan,15/06/2020,6:40,344,1572.08,,
Beit Dagan,15/06/2020,6:50,377,1722.89,,
Beit Dagan,15/06/2020,7:00,424,1937.68,,
Beit Dagan,15/06/2020,7:10,358,1636.06,,
Beit Dagan,15/06/2020,7:20,460,2102.2,,
Beit Dagan,15/06/2020,7:30,390,1782.3,,
Beit Dagan,15/06/2020,7:40,527,2408.39,,
Beit Dagan,15/06/2020,7:50,576,2632.32,,
Beit Dagan,15/06/2020,8:00,637,2911.09,,
Beit Dagan,15/06/2020,8:10,664,3034.48,,
Beit Dagan,15/06/2020,8:20,683,3121.31,,
Beit Dagan,15/06/2020,8:30,713,3258.41,,
Beit Dagan,15/06/2020,8:40,735,3358.95,,
Beit Dagan,15/06/2020,8:50,759,3468.63,,
Beit Dagan,15/06/2020,9:00,789,3605.73,,
Beit Dagan,15/06/2020,9:10,822,3756.54,,
Beit Dagan,15/06/2020,9:20,845,3861.65,,
Beit Dagan,15/06/2020,9:30,866,3957.62,,
Beit Dagan,15/06/2020,9:40,894,4085.58,,
Beit Dagan,15/06/2020,9:50,917,4190.69,,
Beit Dagan,15/06/2020,10:00,860,3930.2,,
Beit Dagan,15/06/2020,10:10,950,4341.5,,
Beit Dagan,15/06/2020,10:20,963,4400.91,,
Beit Dagan,15/06/2020,10:30,976,4460.32,,
Beit Dagan,15/06/2020,10:40,984,4496.88,,
Beit Dagan,15/06/2020,10:50,950,4341.5,,
Beit Dagan,15/06/2020,11:00,1001,4574.57,,
Beit Dagan,15/06/2020,11:10,1006,4597.42,,
Beit Dagan,15/06/2020,11:20,1014,4633.98,,
Beit Dagan,15/06/2020,11:30,1017,4647.69,,
Beit Dagan,15/06/2020,11:40,1019,4656.83,,
Beit Dagan,15/06/2020,11:50,1017,4647.69,,
Beit Dagan,15/06/2020,12:00,1017,4647.69,,
Beit Dagan,15/06/2020,12:10,1020,4661.4,,
Beit Dagan,15/06/2020,12:20,953,4355.21,,
Beit Dagan,15/06/2020,12:30,1014,4633.98,,
Beit Dagan,15/06/2020,12:40,1008,4606.56,,
Beit Dagan,15/06/2020,12:50,981,4483.17,,
Beit Dagan,15/06/2020,13:00,985,4501.45,,
Beit Dagan,15/06/2020,13:10,944,4314.08,,
Beit Dagan,15/06/2020,13:20,950,4341.5,,
Beit Dagan,15/06/2020,13:30,933,4263.81,,
Beit Dagan,15/06/2020,13:40,913,4172.41,,
Beit Dagan,15/06/2020,13:50,898,4103.86,,
Beit Dagan,15/06/2020,14:00,874,3994.18,,
Beit Dagan,15/06/2020,14:10,835,3815.95,,
Beit Dagan,15/06/2020,14:20,823,3761.11,,
Beit Dagan,15/06/2020,14:30,814,3719.98,,
Beit Dagan,15/06/2020,14:40,776,3546.32,,
Beit Dagan,15/06/2020,14:50,751,3432.07,,
Beit Dagan,15/06/2020,15:00,720,3290.4,,
Beit Dagan,15/06/2020,15:10,689,3148.73,,
Beit Dagan,15/06/2020,15:20,664,3034.48,,
Beit Dagan,15/06/2020,15:30,643,2938.51,,
Beit Dagan,15/06/2020,15:40,521,2380.97,,
Beit Dagan,15/06/2020,15:50,497,2271.29,,
Beit Dagan,15/06/2020,16:00,376,1718.32,,
Beit Dagan,15/06/2020,16:10,346,1581.22,,
Beit Dagan,15/06/2020,16:20,320,1462.4,,
Beit Dagan,15/06/2020,16:30,322,1471.54,,
Beit Dagan,15/06/2020,16:40,452,2065.64,,
Beit Dagan,15/06/2020,16:50,332,1517.24,,
Beit Dagan,15/06/2020,17:00,261,1192.77,,
Beit Dagan,15/06/2020,17:10,182,831.74,,
Beit Dagan,15/06/2020,17:20,166,758.62,,
Beit Dagan,15/06/2020,17:30,148,676.36,,
Beit Dagan,15/06/2020,17:40,185,845.45,,
Beit Dagan,15/06/2020,17:50,115,525.55,,
Beit Dagan,15/06/2020,18:00,110,502.7,,
Beit Dagan,15/06/2020,18:10,82,374.74,,
Beit Dagan,15/06/2020,18:20,39,178.23,,
Beit Dagan,15/06/2020,18:30,23,105.11,,
Beit Dagan,15/06/2020,18:40,13,59.41,,
Beit Dagan,15/06/2020,18:50,0,0,,
Beit Dagan,15/06/2020,19:00,0,0,,
Beit Dagan,15/06/2020,19:10,0,0,,
Beit Dagan,15/06/2020,19:20,0,0,,
Beit Dagan,15/06/2020,19:30,0,0,,
Beit Dagan,15/06/2020,19:40,0,0,,
Beit Dagan,15/06/2020,19:50,0,0,,
Beit Dagan,15/06/2020,20:00,0,0,,
Beit Dagan,15/06/2020,20:10,0,0,,
Beit Dagan,15/06/2020,20:20,0,0,,
Beit Dagan,15/06/2020,20:30,0,0,,
Beit Dagan,15/06/2020,20:40,0,0,,
Beit Dagan,15/06/2020,20:50,0,0,,
Beit Dagan,15/06/2020,21:00,0,0,,
Beit Dagan,15/06/2020,21:10,0,0,,
Beit Dagan,15/06/2020,21:20,0,0,,
Beit Dagan,15/06/2020,21:30,0,0,,
Beit Dagan,15/06/2020,21:40,0,0,,
Beit Dagan,15/06/2020,21:50,0,0,,
Beit Dagan,15/06/2020,22:00,0,0,,
Beit Dagan,15/06/2020,22:10,0,0,,
Beit Dagan,15/06/2020,22:20,0,0,,
Beit Dagan,15/06/2020,22:30,0,0,,
Beit Dagan,15/06/2020,22:40,0,0,,
Beit Dagan,15/06/2020,22:50,0,0,,
Beit Dagan,15/06/2020,23:00,0,0,,
Beit Dagan,15/06/2020,23:10,0,0,,
Beit Dagan,15/06/2020,23:20,0,0,,
Beit Dagan,15/06/2020,23:30,0,0,,
Beit Dagan,15/06/2020,23:40,0,0,,
Beit Dagan,15/06/2020,23:50,0,0,,
Beit Dagan,16/06/2020,0:00,0,0,,
Beit Dagan,16/06/2020,0:10,0,0,,
Beit Dagan,16/06/2020,0:20,0,0,,
Beit Dagan,16/06/2020,0:30,0,0,,
Beit Dagan,16/06/2020,0:40,0,0,,
Beit Dagan,16/06/2020,0:50,0,0,,
Beit Dagan,16/06/2020,1:00,0,0,,
Beit Dagan,16/06/2020,1:10,0,0,,
Beit Dagan,16/06/2020,1:20,0,0,,
Beit Dagan,16/06/2020,1:30,0,0,,
Beit Dagan,16/06/2020,1:40,0,0,,
Beit Dagan,16/06/2020,1:50,0,0,,
Beit Dagan,16/06/2020,2:00,0,0,,
Beit Dagan,16/06/2020,2:10,0,0,,
Beit Dagan,16/06/2020,2:20,0,0,,
Beit Dagan,16/06/2020,2:30,0,0,,
Beit Dagan,16/06/2020,2:40,0,0,,
Beit Dagan,16/06/2020,2:50,0,0,,
Beit Dagan,16/06/2020,3:00,0,0,,
Beit Dagan,16/06/2020,3:10,0,0,,
Beit Dagan,16/06/2020,3:20,0,0,,
Beit Dagan,16/06/2020,3:30,0,0,,
Beit Dagan,16/06/2020,3:40,0,0,,
Beit Dagan,16/06/2020,3:50,0,0,,
Beit Dagan,16/06/2020,4:00,0,0,,
Beit Dagan,16/06/2020,4:10,0,0,,
Beit Dagan,16/06/2020,4:20,0,0,,
Beit Dagan,16/06/2020,4:30,1,4.57,,
Beit Dagan,16/06/2020,4:40,4,18.28,,
Beit Dagan,16/06/2020,4:50,10,45.7,,
Beit Dagan,16/06/2020,5:00,20,91.4,,
Beit Dagan,16/06/2020,5:10,28,127.96,,
Beit Dagan,16/06/2020,5:20,48,219.36,,
Beit Dagan,16/06/2020,5:30,94,429.58,,
Beit Dagan,16/06/2020,5:40,142,648.94,,
Beit Dagan,16/06/2020,5:50,144,658.08,,
Beit Dagan,16/06/2020,6:00,131,598.67,,
Beit Dagan,16/06/2020,6:10,126,575.82,,
Beit Dagan,16/06/2020,6:20,148,676.36,,
Beit Dagan,16/06/2020,6:30,210,959.7,,
Beit Dagan,16/06/2020,6:40,287,1311.59,,
Beit Dagan,16/06/2020,6:50,412,1882.84,,
Beit Dagan,16/06/2020,7:00,216,987.12,,
Beit Dagan,16/06/2020,7:10,229,1046.53,,
Beit Dagan,16/06/2020,7:20,544,2486.08,,
Beit Dagan,16/06/2020,7:30,441,2015.37,,
Beit Dagan,16/06/2020,7:40,207,945.99,,
Beit Dagan,16/06/2020,7:50,192,877.44,,
Beit Dagan,16/06/2020,8:00,223,1019.11,,
Beit Dagan,16/06/2020,8:10,406,1855.42,,
Beit Dagan,16/06/2020,8:20,699,3194.43,,
Beit Dagan,16/06/2020,8:30,734,3354.38,,
Beit Dagan,16/06/2020,8:40,751,3432.07,,
Beit Dagan,16/06/2020,8:50,506,2312.42,,
Beit Dagan,16/06/2020,9:00,788,3601.16,,
Beit Dagan,16/06/2020,9:10,789,3605.73,,
Beit Dagan,16/06/2020,9:20,835,3815.95,,
Beit Dagan,16/06/2020,9:30,857,3916.49,,
Beit Dagan,16/06/2020,9:40,866,3957.62,,
Beit Dagan,16/06/2020,9:50,875,3998.75,,
Beit Dagan,16/06/2020,10:00,891,4071.87,,
Beit Dagan,16/06/2020,10:10,919,4199.83,,
Beit Dagan,16/06/2020,10:20,918,4195.26,,
Beit Dagan,16/06/2020,10:30,945,4318.65,,
Beit Dagan,16/06/2020,10:40,962,4396.34,,
Beit Dagan,16/06/2020,10:50,976,4460.32,,
Beit Dagan,16/06/2020,11:00,982,4487.74,,
Beit Dagan,16/06/2020,11:10,988,4515.16,,
Beit Dagan,16/06/2020,11:20,996,4551.72,,
Beit Dagan,16/06/2020,11:30,998,4560.86,,
Beit Dagan,16/06/2020,11:40,1002,4579.14,,
Beit Dagan,16/06/2020,11:50,1001,4574.57,,
Beit Dagan,16/06/2020,12:00,1002,4579.14,,
Beit Dagan,16/06/2020,12:10,998,4560.86,,
Beit Dagan,16/06/2020,12:20,992,4533.44,,
Beit Dagan,16/06/2020,12:30,990,4524.3,,
Beit Dagan,16/06/2020,12:40,984,4496.88,,
Beit Dagan,16/06/2020,12:50,974,4451.18,,
Beit Dagan,16/06/2020,13:00,966,4414.62,,
Beit Dagan,16/06/2020,13:10,954,4359.78,,
Beit Dagan,16/06/2020,13:20,937,4282.09,,
Beit Dagan,16/06/2020,13:30,922,4213.54,,
Beit Dagan,16/06/2020,13:40,903,4126.71,,
Beit Dagan,16/06/2020,13:50,884,4039.88,,
Beit Dagan,16/06/2020,14:00,863,3943.91,,
Beit Dagan,16/06/2020,14:10,843,3852.51,,
Beit Dagan,16/06/2020,14:20,821,3751.97,,
Beit Dagan,16/06/2020,14:30,795,3633.15,,
Beit Dagan,16/06/2020,14:40,767,3505.19,,
Beit Dagan,16/06/2020,14:50,740,3381.8,,
Beit Dagan,16/06/2020,15:00,712,3253.84,,
Beit Dagan,16/06/2020,15:10,679,3103.03,,
Beit Dagan,16/06/2020,15:20,647,2956.79,,
Beit Dagan,16/06/2020,15:30,611,2792.27,,
Beit Dagan,16/06/2020,15:40,576,2632.32,,
Beit Dagan,16/06/2020,15:50,542,2476.94,,
Beit Dagan,16/06/2020,16:00,509,2326.13,,
Beit Dagan,16/06/2020,16:10,475,2170.75,,
Beit Dagan,16/06/2020,16:20,442,2019.94,,
Beit Dagan,16/06/2020,16:30,407,1859.99,,
Beit Dagan,16/06/2020,16:40,369,1686.33,,
Beit Dagan,16/06/2020,16:50,334,1526.38,,
Beit Dagan,16/06/2020,17:00,298,1361.86,,
Beit Dagan,16/06/2020,17:10,266,1215.62,,
Beit Dagan,16/06/2020,17:20,232,1060.24,,
Beit Dagan,16/06/2020,17:30,197,900.29,,
Beit Dagan,16/06/2020,17:40,165,754.05,,
Beit Dagan,16/06/2020,17:50,132,603.24,,
Beit Dagan,16/06/2020,18:00,100,457,,
Beit Dagan,16/06/2020,18:10,71,324.47,,
Beit Dagan,16/06/2020,18:20,43,196.51,,
Beit Dagan,16/06/2020,18:30,26,118.82,,
Beit Dagan,16/06/2020,18:40,12,54.84,,
Beit Dagan,16/06/2020,18:50,0,0,,
Beit Dagan,16/06/2020,19:00,0,0,,
Beit Dagan,16/06/2020,19:10,0,0,,
Beit Dagan,16/06/2020,19:20,0,0,,
Beit Dagan,16/06/2020,19:30,0,0,,
Beit Dagan,16/06/2020,19:40,0,0,,
Beit Dagan,16/06/2020,19:50,0,0,,
Beit Dagan,16/06/2020,20:00,0,0,,
Beit Dagan,16/06/2020,20:10,0,0,,
Beit Dagan,16/06/2020,20:20,0,0,,
Beit Dagan,16/06/2020,20:30,0,0,,
Beit Dagan,16/06/2020,20:40,0,0,,
Beit Dagan,16/06/2020,20:50,0,0,,
Beit Dagan,16/06/2020,21:00,0,0,,
Beit Dagan,16/06/2020,21:10,0,0,,
Beit Dagan,16/06/2020,21:20,0,0,,
Beit Dagan,16/06/2020,21:30,0,0,,
Beit Dagan,16/06/2020,21:40,0,0,,
Beit Dagan,16/06/2020,21:50,0,0,,
Beit Dagan,16/06/2020,22:00,0,0,,
Beit Dagan,16/06/2020,22:10,0,0,,
Beit Dagan,16/06/2020,22:20,0,0,,
Beit Dagan,16/06/2020,22:30,0,0,,
Beit Dagan,16/06/2020,22:40,0,0,,
Beit Dagan,16/06/2020,22:50,0,0,,
Beit Dagan,16/06/2020,23:00,0,0,,
Beit Dagan,16/06/2020,23:10,0,0,,
Beit Dagan,16/06/2020,23:20,0,0,,
Beit Dagan,16/06/2020,23:30,0,0,,
Beit Dagan,16/06/2020,23:40,0,0,,
Beit Dagan,16/06/2020,23:50,0,0,,
Beit Dagan,17/06/2020,0:00,0,0,,
Beit Dagan,17/06/2020,0:10,0,0,,
Beit Dagan,17/06/2020,0:20,0,0,,
Beit Dagan,17/06/2020,0:30,0,0,,
Beit Dagan,17/06/2020,0:40,0,0,,
Beit Dagan,17/06/2020,0:50,0,0,,
Beit Dagan,17/06/2020,1:00,0,0,,
Beit Dagan,17/06/2020,1:10,0,0,,
Beit Dagan,17/06/2020,1:20,0,0,,
Beit Dagan,17/06/2020,1:30,0,0,,
Beit Dagan,17/06/2020,1:40,0,0,,
Beit Dagan,17/06/2020,1:50,0,0,,
Beit Dagan,17/06/2020,2:00,0,0,,
Beit Dagan,17/06/2020,2:10,0,0,,
Beit Dagan,17/06/2020,2:20,0,0,,
Beit Dagan,17/06/2020,2:30,0,0,,
Beit Dagan,17/06/2020,2:40,0,0,,
Beit Dagan,17/06/2020,2:50,0,0,,
Beit Dagan,17/06/2020,3:00,0,0,,
Beit Dagan,17/06/2020,3:10,0,0,,
Beit Dagan,17/06/2020,3:20,0,0,,
Beit Dagan,17/06/2020,3:30,0,0,,
Beit Dagan,17/06/2020,3:40,0,0,,
Beit Dagan,17/06/2020,3:50,0,0,,
Beit Dagan,17/06/2020,4:00,0,0,,
Beit Dagan,17/06/2020,4:10,0,0,,
Beit Dagan,17/06/2020,4:20,0,0,,
Beit Dagan,17/06/2020,4:30,1,4.57,,
Beit Dagan,17/06/2020,4:40,4,18.28,,
Beit Dagan,17/06/2020,4:50,11,50.27,,
Beit Dagan,17/06/2020,5:00,23,105.11,,
Beit Dagan,17/06/2020,5:10,39,178.23,,
Beit Dagan,17/06/2020,5:20,61,278.77,,
Beit Dagan,17/06/2020,5:30,86,393.02,,
Beit Dagan,17/06/2020,5:40,113,516.41,,
Beit Dagan,17/06/2020,5:50,142,648.94,,
Beit Dagan,17/06/2020,6:00,172,786.04,,
Beit Dagan,17/06/2020,6:10,204,932.28,,
Beit Dagan,17/06/2020,6:20,235,1073.95,,
Beit Dagan,17/06/2020,6:30,275,1256.75,,
Beit Dagan,17/06/2020,6:40,310,1416.7,,
Beit Dagan,17/06/2020,6:50,346,1581.22,,
Beit Dagan,17/06/2020,7:00,382,1745.74,,
Beit Dagan,17/06/2020,7:10,414,1891.98,,
Beit Dagan,17/06/2020,7:20,446,2038.22,,
Beit Dagan,17/06/2020,7:30,478,2184.46,,
Beit Dagan,17/06/2020,7:40,512,2339.84,,
Beit Dagan,17/06/2020,7:50,545,2490.65,,
Beit Dagan,17/06/2020,8:00,581,2655.17,,
Beit Dagan,17/06/2020,8:10,613,2801.41,,
Beit Dagan,17/06/2020,8:20,644,2943.08,,
Beit Dagan,17/06/2020,8:30,675,3084.75,,
Beit Dagan,17/06/2020,8:40,701,3203.57,,
Beit Dagan,17/06/2020,8:50,729,3331.53,,
Beit Dagan,17/06/2020,9:00,752,3436.64,,
Beit Dagan,17/06/2020,9:10,780,3564.6,,
Beit Dagan,17/06/2020,9:20,808,3692.56,,
Beit Dagan,17/06/2020,9:30,829,3788.53,,
Beit Dagan,17/06/2020,9:40,847,3870.79,,
Beit Dagan,17/06/2020,9:50,866,3957.62,,
Beit Dagan,17/06/2020,10:00,887,4053.59,,
Beit Dagan,17/06/2020,10:10,902,4122.14,,
Beit Dagan,17/06/2020,10:20,916,4186.12,,
Beit Dagan,17/06/2020,10:30,931,4254.67,,
Beit Dagan,17/06/2020,10:40,947,4327.79,,
Beit Dagan,17/06/2020,10:50,961,4391.77,,
Beit Dagan,17/06/2020,11:00,969,4428.33,,
Beit Dagan,17/06/2020,11:10,978,4469.46,,
Beit Dagan,17/06/2020,11:20,990,4524.3,,
Beit Dagan,17/06/2020,11:30,994,4542.58,,
Beit Dagan,17/06/2020,11:40,995,4547.15,,
Beit Dagan,17/06/2020,11:50,999,4565.43,,
Beit Dagan,17/06/2020,12:00,1001,4574.57,,
Beit Dagan,17/06/2020,12:10,999,4565.43,,
Beit Dagan,17/06/2020,12:20,995,4547.15,,
Beit Dagan,17/06/2020,12:30,989,4519.73,,
Beit Dagan,17/06/2020,12:40,981,4483.17,,
Beit Dagan,17/06/2020,12:50,969,4428.33,,
Beit Dagan,17/06/2020,13:00,959,4382.63,,
Beit Dagan,17/06/2020,13:10,945,4318.65,,
Beit Dagan,17/06/2020,13:20,930,4250.1,,
Beit Dagan,17/06/2020,13:30,913,4172.41,,
Beit Dagan,17/06/2020,13:40,895,4090.15,,
Beit Dagan,17/06/2020,13:50,875,3998.75,,
Beit Dagan,17/06/2020,14:00,853,3898.21,,
Beit Dagan,17/06/2020,14:10,831,3797.67,,
Beit Dagan,17/06/2020,14:20,807,3687.99,,
Beit Dagan,17/06/2020,14:30,783,3578.31,,
Beit Dagan,17/06/2020,14:40,756,3454.92,,
Beit Dagan,17/06/2020,14:50,727,3322.39,,
Beit Dagan,17/06/2020,15:00,699,3194.43,,
Beit Dagan,17/06/2020,15:10,667,3048.19,,
Beit Dagan,17/06/2020,15:20,632,2888.24,,
Beit Dagan,17/06/2020,15:30,601,2746.57,,
Beit Dagan,17/06/2020,15:40,574,2623.18,,
Beit Dagan,17/06/2020,15:50,544,2486.08,,
Beit Dagan,17/06/2020,16:00,512,2339.84,,
Beit Dagan,17/06/2020,16:10,479,2189.03,,
Beit Dagan,17/06/2020,16:20,440,2010.8,,
Beit Dagan,17/06/2020,16:30,404,1846.28,,
Beit Dagan,17/06/2020,16:40,371,1695.47,,
Beit Dagan,17/06/2020,16:50,336,1535.52,,
Beit Dagan,17/06/2020,17:00,298,1361.86,,
Beit Dagan,17/06/2020,17:10,262,1197.34,,
Beit Dagan,17/06/2020,17:20,227,1037.39,,
Beit Dagan,17/06/2020,17:30,192,877.44,,
Beit Dagan,17/06/2020,17:40,158,722.06,,
Beit Dagan,17/06/2020,17:50,125,571.25,,
Beit Dagan,17/06/2020,18:00,94,429.58,,
Beit Dagan,17/06/2020,18:10,68,310.76,,
Beit Dagan,17/06/2020,18:20,44,201.08,,
Beit Dagan,17/06/2020,18:30,26,118.82,,
Beit Dagan,17/06/2020,18:40,12,54.84,,
Beit Dagan,17/06/2020,18:50,0,0,,
Beit Dagan,17/06/2020,19:00,0,0,,
Beit Dagan,17/06/2020,19:10,0,0,,
Beit Dagan,17/06/2020,19:20,0,0,,
Beit Dagan,17/06/2020,19:30,0,0,,
Beit Dagan,17/06/2020,19:40,0,0,,
Beit Dagan,17/06/2020,19:50,0,0,,
Beit Dagan,17/06/2020,20:00,0,0,,
Beit Dagan,17/06/2020,20:10,0,0,,
Beit Dagan,17/06/2020,20:20,0,0,,
Beit Dagan,17/06/2020,20:30,0,0,,
Beit Dagan,17/06/2020,20:40,0,0,,
Beit Dagan,17/06/2020,20:50,0,0,,
Beit Dagan,17/06/2020,21:00,0,0,,
Beit Dagan,17/06/2020,21:10,0,0,,
Beit Dagan,17/06/2020,21:20,0,0,,
Beit Dagan,17/06/2020,21:30,0,0,,
Beit Dagan,17/06/2020,21:40,0,0,,
Beit Dagan,17/06/2020,21:50,0,0,,
Beit Dagan,17/06/2020,22:00,0,0,,
Beit Dagan,17/06/2020,22:10,0,0,,
Beit Dagan,17/06/2020,22:20,0,0,,
Beit Dagan,17/06/2020,22:30,0,0,,
Beit Dagan,17/06/2020,22:40,0,0,,
Beit Dagan,17/06/2020,22:50,0,0,,
Beit Dagan,17/06/2020,23:00,0,0,,
Beit Dagan,17/06/2020,23:10,0,0,,
Beit Dagan,17/06/2020,23:20,0,0,,
Beit Dagan,17/06/2020,23:30,0,0,,
Beit Dagan,17/06/2020,23:40,0,0,,
Beit Dagan,17/06/2020,23:50,0,0,,
Beit Dagan,18/06/2020,0:00,0,0,,
Beit Dagan,18/06/2020,0:10,0,0,,
Beit Dagan,18/06/2020,0:20,0,0,,
Beit Dagan,18/06/2020,0:30,0,0,,
Beit Dagan,18/06/2020,0:40,0,0,,
Beit Dagan,18/06/2020,0:50,0,0,,
Beit Dagan,18/06/2020,1:00,0,0,,
Beit Dagan,18/06/2020,1:10,0,0,,
Beit Dagan,18/06/2020,1:20,0,0,,
Beit Dagan,18/06/2020,1:30,0,0,,
Beit Dagan,18/06/2020,1:40,0,0,,
Beit Dagan,18/06/2020,1:50,0,0,,
Beit Dagan,18/06/2020,2:00,0,0,,
Beit Dagan,18/06/2020,2:10,0,0,,
Beit Dagan,18/06/2020,2:20,0,0,,
Beit Dagan,18/06/2020,2:30,0,0,,
Beit Dagan,18/06/2020,2:40,0,0,,
Beit Dagan,18/06/2020,2:50,0,0,,
Beit Dagan,18/06/2020,3:00,0,0,,
Beit Dagan,18/06/2020,3:10,0,0,,
Beit Dagan,18/06/2020,3:20,0,0,,
Beit Dagan,18/06/2020,3:30,0,0,,
Beit Dagan,18/06/2020,3:40,0,0,,
Beit Dagan,18/06/2020,3:50,0,0,,
Beit Dagan,18/06/2020,4:00,0,0,,
Beit Dagan,18/06/2020,4:10,0,0,,
Beit Dagan,18/06/2020,4:20,0,0,,
Beit Dagan,18/06/2020,4:30,0,0,,
Beit Dagan,18/06/2020,4:40,2,9.14,,
Beit Dagan,18/06/2020,4:50,8,36.56,,
Beit Dagan,18/06/2020,5:00,18,82.26,,
Beit Dagan,18/06/2020,5:10,32,146.24,,
Beit Dagan,18/06/2020,5:20,52,237.64,,
Beit Dagan,18/06/2020,5:30,84,383.88,,
Beit Dagan,18/06/2020,5:40,113,516.41,,
Beit Dagan,18/06/2020,5:50,144,658.08,,
Beit Dagan,18/06/2020,6:00,175,799.75,,
Beit Dagan,18/06/2020,6:10,208,950.56,,
Beit Dagan,18/06/2020,6:20,243,1110.51,,
Beit Dagan,18/06/2020,6:30,281,1284.17,,
Beit Dagan,18/06/2020,6:40,333,1521.81,,
Beit Dagan,18/06/2020,6:50,353,1613.21,,
Beit Dagan,18/06/2020,7:00,353,1613.21,,
Beit Dagan,18/06/2020,7:10,255,1165.35,,
Beit Dagan,18/06/2020,7:20,159,726.63,,
Beit Dagan,18/06/2020,7:30,364,1663.48,,
Beit Dagan,18/06/2020,7:40,395,1805.15,,
Beit Dagan,18/06/2020,7:50,527,2408.39,,
Beit Dagan,18/06/2020,8:00,330,1508.1,,
Beit Dagan,18/06/2020,8:10,628,2869.96,,
Beit Dagan,18/06/2020,8:20,654,2988.78,,
Beit Dagan,18/06/2020,8:30,465,2125.05,,
Beit Dagan,18/06/2020,8:40,176,804.32,,
Beit Dagan,18/06/2020,8:50,443,2024.51,,
Beit Dagan,18/06/2020,9:00,640,2924.8,,
Beit Dagan,18/06/2020,9:10,782,3573.74,,
Beit Dagan,18/06/2020,9:20,685,3130.45,,
Beit Dagan,18/06/2020,9:30,862,3939.34,,
Beit Dagan,18/06/2020,9:40,552,2522.64,,
Beit Dagan,18/06/2020,9:50,843,3852.51,,
Beit Dagan,18/06/2020,10:00,898,4103.86,,
Beit Dagan,18/06/2020,10:10,938,4286.66,,
Beit Dagan,18/06/2020,10:20,608,2778.56,,
Beit Dagan,18/06/2020,10:30,702,3208.14,,
Beit Dagan,18/06/2020,10:40,813,3715.41,,
Beit Dagan,18/06/2020,10:50,1030,4707.1,,
Beit Dagan,18/06/2020,11:00,917,4190.69,,
Beit Dagan,18/06/2020,11:10,1018,4652.26,,
Beit Dagan,18/06/2020,11:20,1041,4757.37,,
Beit Dagan,18/06/2020,11:30,1020,4661.4,,
Beit Dagan,18/06/2020,11:40,1071,4894.47,,
Beit Dagan,18/06/2020,11:50,802,3665.14,,
Beit Dagan,18/06/2020,12:00,853,3898.21,,
Beit Dagan,18/06/2020,12:10,452,2065.64,,
Beit Dagan,18/06/2020,12:20,401,1832.57,,
Beit Dagan,18/06/2020,12:30,374,1709.18,,
Beit Dagan,18/06/2020,12:40,307,1402.99,,
Beit Dagan,18/06/2020,12:50,333,1521.81,,
Beit Dagan,18/06/2020,13:00,381,1741.17,,
Beit Dagan,18/06/2020,13:10,587,2682.59,,
Beit Dagan,18/06/2020,13:20,741,3386.37,,
Beit Dagan,18/06/2020,13:30,671,3066.47,,
Beit Dagan,18/06/2020,13:40,585,2673.45,,
Beit Dagan,18/06/2020,13:50,591,2700.87,,
Beit Dagan,18/06/2020,14:00,729,3331.53,,
Beit Dagan,18/06/2020,14:10,584,2668.88,,
Beit Dagan,18/06/2020,14:20,586,2678.02,,
Beit Dagan,18/06/2020,14:30,626,2860.82,,
Beit Dagan,18/06/2020,14:40,583,2664.31,,
Beit Dagan,18/06/2020,14:50,574,2623.18,,
Beit Dagan,18/06/2020,15:00,561,2563.77,,
Beit Dagan,18/06/2020,15:10,814,3719.98,,
Beit Dagan,18/06/2020,15:20,601,2746.57,,
Beit Dagan,18/06/2020,15:30,375,1713.75,,
Beit Dagan,18/06/2020,15:40,520,2376.4,,
Beit Dagan,18/06/2020,15:50,492,2248.44,,
Beit Dagan,18/06/2020,16:00,432,1974.24,,
Beit Dagan,18/06/2020,16:10,526,2403.82,,
Beit Dagan,18/06/2020,16:20,441,2015.37,,
Beit Dagan,18/06/2020,16:30,446,2038.22,,
Beit Dagan,18/06/2020,16:40,376,1718.32,,
Beit Dagan,18/06/2020,16:50,208,950.56,,
Beit Dagan,18/06/2020,17:00,281,1284.17,,
Beit Dagan,18/06/2020,17:10,117,534.69,,
Beit Dagan,18/06/2020,17:20,138,630.66,,
Beit Dagan,18/06/2020,17:30,165,754.05,,
Beit Dagan,18/06/2020,17:40,144,658.08,,
Beit Dagan,18/06/2020,17:50,176,804.32,,
Beit Dagan,18/06/2020,18:00,108,493.56,,
Beit Dagan,18/06/2020,18:10,50,228.5,,
Beit Dagan,18/06/2020,18:20,46,210.22,,
Beit Dagan,18/06/2020,18:30,30,137.1,,
Beit Dagan,18/06/2020,18:40,12,54.84,,
Beit Dagan,18/06/2020,18:50,0,0,,
Beit Dagan,18/06/2020,19:00,0,0,,
Beit Dagan,18/06/2020,19:10,0,0,,
Beit Dagan,18/06/2020,19:20,0,0,,
Beit Dagan,18/06/2020,19:30,0,0,,
Beit Dagan,18/06/2020,19:40,0,0,,
Beit Dagan,18/06/2020,19:50,0,0,,
Beit Dagan,18/06/2020,20:00,0,0,,
Beit Dagan,18/06/2020,20:10,0,0,,
Beit Dagan,18/06/2020,20:20,0,0,,
Beit Dagan,18/06/2020,20:30,0,0,,
Beit Dagan,18/06/2020,20:40,0,0,,
Beit Dagan,18/06/2020,20:50,0,0,,
Beit Dagan,18/06/2020,21:00,0,0,,
Beit Dagan,18/06/2020,21:10,0,0,,
Beit Dagan,18/06/2020,21:20,0,0,,
Beit Dagan,18/06/2020,21:30,0,0,,
Beit Dagan,18/06/2020,21:40,0,0,,
Beit Dagan,18/06/2020,21:50,0,0,,
Beit Dagan,18/06/2020,22:00,0,0,,
Beit Dagan,18/06/2020,22:10,0,0,,
Beit Dagan,18/06/2020,22:20,0,0,,
Beit Dagan,18/06/2020,22:30,0,0,,
Beit Dagan,18/06/2020,22:40,0,0,,
Beit Dagan,18/06/2020,22:50,0,0,,
Beit Dagan,18/06/2020,23:00,0,0,,
Beit Dagan,18/06/2020,23:10,0,0,,
Beit Dagan,18/06/2020,23:20,0,0,,
Beit Dagan,18/06/2020,23:30,0,0,,
Beit Dagan,18/06/2020,23:40,0,0,,
Beit Dagan,18/06/2020,23:50,0,0,,
Beit Dagan,19/06/2020,0:00,0,0,,
Beit Dagan,19/06/2020,0:10,0,0,,
Beit Dagan,19/06/2020,0:20,0,0,,
Beit Dagan,19/06/2020,0:30,0,0,,
Beit Dagan,19/06/2020,0:40,0,0,,
Beit Dagan,19/06/2020,0:50,0,0,,
Beit Dagan,19/06/2020,1:00,0,0,,
Beit Dagan,19/06/2020,1:10,0,0,,
Beit Dagan,19/06/2020,1:20,0,0,,
Beit Dagan,19/06/2020,1:30,0,0,,
Beit Dagan,19/06/2020,1:40,0,0,,
Beit Dagan,19/06/2020,1:50,0,0,,
Beit Dagan,19/06/2020,2:00,0,0,,
Beit Dagan,19/06/2020,2:10,0,0,,
Beit Dagan,19/06/2020,2:20,0,0,,
Beit Dagan,19/06/2020,2:30,0,0,,
Beit Dagan,19/06/2020,2:40,0,0,,
Beit Dagan,19/06/2020,2:50,0,0,,
Beit Dagan,19/06/2020,3:00,0,0,,
Beit Dagan,19/06/2020,3:10,0,0,,
Beit Dagan,19/06/2020,3:20,0,0,,
Beit Dagan,19/06/2020,3:30,0,0,,
Beit Dagan,19/06/2020,3:40,0,0,,
Beit Dagan,19/06/2020,3:50,0,0,,
Beit Dagan,19/06/2020,4:00,0,0,,
Beit Dagan,19/06/2020,4:10,0,0,,
Beit Dagan,19/06/2020,4:20,0,0,,
Beit Dagan,19/06/2020,4:30,0,0,,
Beit Dagan,19/06/2020,4:40,3,13.71,,
Beit Dagan,19/06/2020,4:50,12,54.84,,
Beit Dagan,19/06/2020,5:00,24,109.68,,
Beit Dagan,19/06/2020,5:10,55,251.35,,
Beit Dagan,19/06/2020,5:20,79,361.03,,
Beit Dagan,19/06/2020,5:30,104,475.28,,
Beit Dagan,19/06/2020,5:40,125,571.25,,
Beit Dagan,19/06/2020,5:50,167,763.19,,
Beit Dagan,19/06/2020,6:00,228,1041.96,,
Beit Dagan,19/06/2020,6:10,262,1197.34,,
Beit Dagan,19/06/2020,6:20,264,1206.48,,
Beit Dagan,19/06/2020,6:30,259,1183.63,,
Beit Dagan,19/06/2020,6:40,229,1046.53,,
Beit Dagan,19/06/2020,6:50,413,1887.41,,
Beit Dagan,19/06/2020,7:00,385,1759.45,,
Beit Dagan,19/06/2020,7:10,183,836.31,,
Beit Dagan,19/06/2020,7:20,275,1256.75,,
Beit Dagan,19/06/2020,7:30,359,1640.63,,
Beit Dagan,19/06/2020,7:40,361,1649.77,,
Beit Dagan,19/06/2020,7:50,441,2015.37,,
Beit Dagan,19/06/2020,8:00,578,2641.46,,
Beit Dagan,19/06/2020,8:10,446,2038.22,,
Beit Dagan,19/06/2020,8:20,498,2275.86,,
Beit Dagan,19/06/2020,8:30,644,2943.08,,
Beit Dagan,19/06/2020,8:40,738,3372.66,,
Beit Dagan,19/06/2020,8:50,723,3304.11,,
Beit Dagan,19/06/2020,9:00,801,3660.57,,
Beit Dagan,19/06/2020,9:10,814,3719.98,,
Beit Dagan,19/06/2020,9:20,385,1759.45,,
Beit Dagan,19/06/2020,9:30,623,2847.11,,
Beit Dagan,19/06/2020,9:40,712,3253.84,,
Beit Dagan,19/06/2020,9:50,714,3262.98,,
Beit Dagan,19/06/2020,10:00,855,3907.35,,
Beit Dagan,19/06/2020,10:10,840,3838.8,,
Beit Dagan,19/06/2020,10:20,860,3930.2,,
Beit Dagan,19/06/2020,10:30,817,3733.69,,
Beit Dagan,19/06/2020,10:40,710,3244.7,,
Beit Dagan,19/06/2020,10:50,912,4167.84,,
Beit Dagan,19/06/2020,11:00,570,2604.9,,
Beit Dagan,19/06/2020,11:10,795,3633.15,,
Beit Dagan,19/06/2020,11:20,955,4364.35,,
Beit Dagan,19/06/2020,11:30,684,3125.88,,
Beit Dagan,19/06/2020,11:40,798,3646.86,,
Beit Dagan,19/06/2020,11:50,1027,4693.39,,
Beit Dagan,19/06/2020,12:00,894,4085.58,,
Beit Dagan,19/06/2020,12:10,783,3578.31,,
Beit Dagan,19/06/2020,12:20,938,4286.66,,
Beit Dagan,19/06/2020,12:30,1048,4789.36,,
Beit Dagan,19/06/2020,12:40,734,3354.38,,
Beit Dagan,19/06/2020,12:50,878,4012.46,,
Beit Dagan,19/06/2020,13:00,992,4533.44,,
Beit Dagan,19/06/2020,13:10,835,3815.95,,
Beit Dagan,19/06/2020,13:20,1064,4862.48,,
Beit Dagan,19/06/2020,13:30,669,3057.33,,
Beit Dagan,19/06/2020,13:40,649,2965.93,,
Beit Dagan,19/06/2020,13:50,875,3998.75,,
Beit Dagan,19/06/2020,14:00,608,2778.56,,
Beit Dagan,19/06/2020,14:10,651,2975.07,,
Beit Dagan,19/06/2020,14:20,624,2851.68,,
Beit Dagan,19/06/2020,14:30,949,4336.93,,
Beit Dagan,19/06/2020,14:40,527,2408.39,,
Beit Dagan,19/06/2020,14:50,724,3308.68,,
Beit Dagan,19/06/2020,15:00,744,3400.08,,
Beit Dagan,19/06/2020,15:10,695,3176.15,,
Beit Dagan,19/06/2020,15:20,664,3034.48,,
Beit Dagan,19/06/2020,15:30,612,2796.84,,
Beit Dagan,19/06/2020,15:40,640,2924.8,,
Beit Dagan,19/06/2020,15:50,556,2540.92,,
Beit Dagan,19/06/2020,16:00,529,2417.53,,
Beit Dagan,19/06/2020,16:10,321,1466.97,,
Beit Dagan,19/06/2020,16:20,477,2179.89,,
Beit Dagan,19/06/2020,16:30,389,1777.73,,
Beit Dagan,19/06/2020,16:40,438,2001.66,,
Beit Dagan,19/06/2020,16:50,357,1631.49,,
Beit Dagan,19/06/2020,17:00,274,1252.18,,
Beit Dagan,19/06/2020,17:10,280,1279.6,,
Beit Dagan,19/06/2020,17:20,230,1051.1,,
Beit Dagan,19/06/2020,17:30,224,1023.68,,
Beit Dagan,19/06/2020,17:40,140,639.8,,
Beit Dagan,19/06/2020,17:50,107,488.99,,
Beit Dagan,19/06/2020,18:00,69,315.33,,
Beit Dagan,19/06/2020,18:10,64,292.48,,
Beit Dagan,19/06/2020,18:20,45,205.65,,
Beit Dagan,19/06/2020,18:30,31,141.67,,
Beit Dagan,19/06/2020,18:40,16,73.12,,
Beit Dagan,19/06/2020,18:50,0,0,,
Beit Dagan,19/06/2020,19:00,0,0,,
Beit Dagan,19/06/2020,19:10,0,0,,
Beit Dagan,19/06/2020,19:20,0,0,,
Beit Dagan,19/06/2020,19:30,0,0,,
Beit Dagan,19/06/2020,19:40,0,0,,
Beit Dagan,19/06/2020,19:50,0,0,,
Beit Dagan,19/06/2020,20:00,0,0,,
Beit Dagan,19/06/2020,20:10,0,0,,
Beit Dagan,19/06/2020,20:20,0,0,,
Beit Dagan,19/06/2020,20:30,0,0,,
Beit Dagan,19/06/2020,20:40,0,0,,
Beit Dagan,19/06/2020,20:50,0,0,,
Beit Dagan,19/06/2020,21:00,0,0,,
Beit Dagan,19/06/2020,21:10,0,0,,
Beit Dagan,19/06/2020,21:20,0,0,,
Beit Dagan,19/06/2020,21:30,0,0,,
Beit Dagan,19/06/2020,21:40,0,0,,
Beit Dagan,19/06/2020,21:50,0,0,,
Beit Dagan,19/06/2020,22:00,0,0,,
Beit Dagan,19/06/2020,22:10,0,0,,
Beit Dagan,19/06/2020,22:20,0,0,,
Beit Dagan,19/06/2020,22:30,0,0,,
Beit Dagan,19/06/2020,22:40,0,0,,
Beit Dagan,19/06/2020,22:50,0,0,,
Beit Dagan,19/06/2020,23:00,0,0,,
Beit Dagan,19/06/2020,23:10,0,0,,
Beit Dagan,19/06/2020,23:20,0,0,,
Beit Dagan,19/06/2020,23:30,0,0,,
Beit Dagan,19/06/2020,23:40,0,0,,
Beit Dagan,19/06/2020,23:50,0,0,,
Beit Dagan,20/06/2020,0:00,0,0,,
Beit Dagan,20/06/2020,0:10,0,0,,
Beit Dagan,20/06/2020,0:20,0,0,,
Beit Dagan,20/06/2020,0:30,0,0,,
Beit Dagan,20/06/2020,0:40,0,0,,
Beit Dagan,20/06/2020,0:50,0,0,,
Beit Dagan,20/06/2020,1:00,0,0,,
Beit Dagan,20/06/2020,1:10,0,0,,
Beit Dagan,20/06/2020,1:20,0,0,,
Beit Dagan,20/06/2020,1:30,0,0,,
Beit Dagan,20/06/2020,1:40,0,0,,
Beit Dagan,20/06/2020,1:50,0,0,,
Beit Dagan,20/06/2020,2:00,0,0,,
Beit Dagan,20/06/2020,2:10,0,0,,
Beit Dagan,20/06/2020,2:20,0,0,,
Beit Dagan,20/06/2020,2:30,0,0,,
Beit Dagan,20/06/2020,2:40,0,0,,
Beit Dagan,20/06/2020,2:50,0,0,,
Beit Dagan,20/06/2020,3:00,0,0,,
Beit Dagan,20/06/2020,3:10,0,0,,
Beit Dagan,20/06/2020,3:20,0,0,,
Beit Dagan,20/06/2020,3:30,0,0,,
Beit Dagan,20/06/2020,3:40,0,0,,
Beit Dagan,20/06/2020,3:50,0,0,,
Beit Dagan,20/06/2020,4:00,0,0,,
Beit Dagan,20/06/2020,4:10,0,0,,
Beit Dagan,20/06/2020,4:20,0,0,,
Beit Dagan,20/06/2020,4:30,0,0,,
Beit Dagan,20/06/2020,4:40,2,9.14,,
Beit Dagan,20/06/2020,4:50,9,41.13,,
Beit Dagan,20/06/2020,5:00,22,100.54,,
Beit Dagan,20/06/2020,5:10,31,141.67,,
Beit Dagan,20/06/2020,5:20,74,338.18,,
Beit Dagan,20/06/2020,5:30,42,191.94,,
Beit Dagan,20/06/2020,5:40,34,155.38,,
Beit Dagan,20/06/2020,5:50,89,406.73,,
Beit Dagan,20/06/2020,6:00,176,804.32,,
Beit Dagan,20/06/2020,6:10,129,589.53,,
Beit Dagan,20/06/2020,6:20,260,1188.2,,
Beit Dagan,20/06/2020,6:30,317,1448.69,,
Beit Dagan,20/06/2020,6:40,361,1649.77,,
Beit Dagan,20/06/2020,6:50,374,1709.18,,
Beit Dagan,20/06/2020,7:00,325,1485.25,,
Beit Dagan,20/06/2020,7:10,165,754.05,,
Beit Dagan,20/06/2020,7:20,134,612.38,,
Beit Dagan,20/06/2020,7:30,360,1645.2,,
Beit Dagan,20/06/2020,7:40,202,923.14,,
Beit Dagan,20/06/2020,7:50,501,2289.57,,
Beit Dagan,20/06/2020,8:00,301,1375.57,,
Beit Dagan,20/06/2020,8:10,493,2253.01,,
Beit Dagan,20/06/2020,8:20,394,1800.58,,
Beit Dagan,20/06/2020,8:30,483,2207.31,,
Beit Dagan,20/06/2020,8:40,441,2015.37,,
Beit Dagan,20/06/2020,8:50,689,3148.73,,
Beit Dagan,20/06/2020,9:00,480,2193.6,,
Beit Dagan,20/06/2020,9:10,510,2330.7,,
Beit Dagan,20/06/2020,9:20,620,2833.4,,
Beit Dagan,20/06/2020,9:30,878,4012.46,,
Beit Dagan,20/06/2020,9:40,923,4218.11,,
Beit Dagan,20/06/2020,9:50,972,4442.04,,
Beit Dagan,20/06/2020,10:00,772,3528.04,,
Beit Dagan,20/06/2020,10:10,1030,4707.1,,
Beit Dagan,20/06/2020,10:20,1038,4743.66,,
Beit Dagan,20/06/2020,10:30,918,4195.26,,
Beit Dagan,20/06/2020,10:40,1026,4688.82,,
Beit Dagan,20/06/2020,10:50,1027,4693.39,,
Beit Dagan,20/06/2020,11:00,863,3943.91,,
Beit Dagan,20/06/2020,11:10,900,4113,,
Beit Dagan,20/06/2020,11:20,860,3930.2,,
Beit Dagan,20/06/2020,11:30,1028,4697.96,,
Beit Dagan,20/06/2020,11:40,830,3793.1,,
Beit Dagan,20/06/2020,11:50,840,3838.8,,
Beit Dagan,20/06/2020,12:00,771,3523.47,,
Beit Dagan,20/06/2020,12:10,735,3358.95,,
Beit Dagan,20/06/2020,12:20,558,2550.06,,
Beit Dagan,20/06/2020,12:30,733,3349.81,,
Beit Dagan,20/06/2020,12:40,781,3569.17,,
Beit Dagan,20/06/2020,12:50,791,3614.87,,
Beit Dagan,20/06/2020,13:00,884,4039.88,,
Beit Dagan,20/06/2020,13:10,814,3719.98,,
Beit Dagan,20/06/2020,13:20,878,4012.46,,
Beit Dagan,20/06/2020,13:30,928,4240.96,,
Beit Dagan,20/06/2020,13:40,698,3189.86,,
Beit Dagan,20/06/2020,13:50,708,3235.56,,
Beit Dagan,20/06/2020,14:00,685,3130.45,,
Beit Dagan,20/06/2020,14:10,504,2303.28,,
Beit Dagan,20/06/2020,14:20,572,2614.04,,
Beit Dagan,20/06/2020,14:30,440,2010.8,,
Beit Dagan,20/06/2020,14:40,490,2239.3,,
Beit Dagan,20/06/2020,14:50,711,3249.27,,
Beit Dagan,20/06/2020,15:00,480,2193.6,,
Beit Dagan,20/06/2020,15:10,326,1489.82,,
Beit Dagan,20/06/2020,15:20,531,2426.67,,
Beit Dagan,20/06/2020,15:30,427,1951.39,,
Beit Dagan,20/06/2020,15:40,370,1690.9,,
Beit Dagan,20/06/2020,15:50,390,1782.3,,
Beit Dagan,20/06/2020,16:00,474,2166.18,,
Beit Dagan,20/06/2020,16:10,456,2083.92,,
Beit Dagan,20/06/2020,16:20,307,1402.99,,
Beit Dagan,20/06/2020,16:30,330,1508.1,,
Beit Dagan,20/06/2020,16:40,250,1142.5,,
Beit Dagan,20/06/2020,16:50,205,936.85,,
Beit Dagan,20/06/2020,17:00,230,1051.1,,
Beit Dagan,20/06/2020,17:10,220,1005.4,,
Beit Dagan,20/06/2020,17:20,183,836.31,,
Beit Dagan,20/06/2020,17:30,153,699.21,,
Beit Dagan,20/06/2020,17:40,98,447.86,,
Beit Dagan,20/06/2020,17:50,86,393.02,,
Beit Dagan,20/06/2020,18:00,65,297.05,,
Beit Dagan,20/06/2020,18:10,41,187.37,,
Beit Dagan,20/06/2020,18:20,29,132.53,,
Beit Dagan,20/06/2020,18:30,23,105.11,,
Beit Dagan,20/06/2020,18:40,11,50.27,,
Beit Dagan,20/06/2020,18:50,0,0,,
Beit Dagan,20/06/2020,19:00,0,0,,
Beit Dagan,20/06/2020,19:10,0,0,,
Beit Dagan,20/06/2020,19:20,0,0,,
Beit Dagan,20/06/2020,19:30,0,0,,
Beit Dagan,20/06/2020,19:40,0,0,,
Beit Dagan,20/06/2020,19:50,0,0,,
Beit Dagan,20/06/2020,20:00,0,0,,
Beit Dagan,20/06/2020,20:10,0,0,,
Beit Dagan,20/06/2020,20:20,0,0,,
Beit Dagan,20/06/2020,20:30,0,0,,
Beit Dagan,20/06/2020,20:40,0,0,,
Beit Dagan,20/06/2020,20:50,0,0,,
Beit Dagan,20/06/2020,21:00,0,0,,
Beit Dagan,20/06/2020,21:10,0,0,,
Beit Dagan,20/06/2020,21:20,0,0,,
Beit Dagan,20/06/2020,21:30,0,0,,
Beit Dagan,20/06/2020,21:40,0,0,,
Beit Dagan,20/06/2020,21:50,0,0,,
Beit Dagan,20/06/2020,22:00,0,0,,
Beit Dagan,20/06/2020,22:10,0,0,,
Beit Dagan,20/06/2020,22:20,0,0,,
Beit Dagan,20/06/2020,22:30,0,0,,
Beit Dagan,20/06/2020,22:40,0,0,,
Beit Dagan,20/06/2020,22:50,0,0,,
Beit Dagan,20/06/2020,23:00,0,0,,
Beit Dagan,20/06/2020,23:10,0,0,,
Beit Dagan,20/06/2020,23:20,0,0,,
Beit Dagan,20/06/2020,23:30,0,0,,
Beit Dagan,20/06/2020,23:40,0,0,,
Beit Dagan,20/06/2020,23:50,0,0,,
Beit Dagan,21/06/2020,0:00,0,0,,
Beit Dagan,21/06/2020,0:10,0,0,,
Beit Dagan,21/06/2020,0:20,0,0,,
Beit Dagan,21/06/2020,0:30,0,0,,
Beit Dagan,21/06/2020,0:40,0,0,,
Beit Dagan,21/06/2020,0:50,0,0,,
Beit Dagan,21/06/2020,1:00,0,0,,
Beit Dagan,21/06/2020,1:10,0,0,,
Beit Dagan,21/06/2020,1:20,0,0,,
Beit Dagan,21/06/2020,1:30,0,0,,
Beit Dagan,21/06/2020,1:40,0,0,,
Beit Dagan,21/06/2020,1:50,0,0,,
Beit Dagan,21/06/2020,2:00,0,0,,
Beit Dagan,21/06/2020,2:10,0,0,,
Beit Dagan,21/06/2020,2:20,0,0,,
Beit Dagan,21/06/2020,2:30,0,0,,
Beit Dagan,21/06/2020,2:40,0,0,,
Beit Dagan,21/06/2020,2:50,0,0,,
Beit Dagan,21/06/2020,3:00,0,0,,
Beit Dagan,21/06/2020,3:10,0,0,,
Beit Dagan,21/06/2020,3:20,0,0,,
Beit Dagan,21/06/2020,3:30,0,0,,
Beit Dagan,21/06/2020,3:40,0,0,,
Beit Dagan,21/06/2020,3:50,0,0,,
Beit Dagan,21/06/2020,4:00,0,0,,
Beit Dagan,21/06/2020,4:10,0,0,,
Beit Dagan,21/06/2020,4:20,0,0,,
Beit Dagan,21/06/2020,4:30,0,0,,
Beit Dagan,21/06/2020,4:40,1,4.57,,
Beit Dagan,21/06/2020,4:50,8,36.56,,
Beit Dagan,21/06/2020,5:00,19,86.83,,
Beit Dagan,21/06/2020,5:10,33,150.81,,
Beit Dagan,21/06/2020,5:20,53,242.21,,
Beit Dagan,21/06/2020,5:30,76,347.32,,
Beit Dagan,21/06/2020,5:40,102,466.14,,
Beit Dagan,21/06/2020,5:50,128,584.96,,
Beit Dagan,21/06/2020,6:00,156,712.92,,
Beit Dagan,21/06/2020,6:10,187,854.59,,
Beit Dagan,21/06/2020,6:20,218,996.26,,
Beit Dagan,21/06/2020,6:30,249,1137.93,,
Beit Dagan,21/06/2020,6:40,273,1247.61,,
Beit Dagan,21/06/2020,6:50,281,1284.17,,
Beit Dagan,21/06/2020,7:00,292,1334.44,,
Beit Dagan,21/06/2020,7:10,291,1329.87,,
Beit Dagan,21/06/2020,7:20,295,1348.15,,
Beit Dagan,21/06/2020,7:30,308,1407.56,,
Beit Dagan,21/06/2020,7:40,343,1567.51,,
Beit Dagan,21/06/2020,7:50,395,1805.15,,
Beit Dagan,21/06/2020,8:00,442,2019.94,,
Beit Dagan,21/06/2020,8:10,522,2385.54,,
Beit Dagan,21/06/2020,8:20,590,2696.3,,
Beit Dagan,21/06/2020,8:30,642,2933.94,,
Beit Dagan,21/06/2020,8:40,680,3107.6,,
Beit Dagan,21/06/2020,8:50,707,3230.99,,
Beit Dagan,21/06/2020,9:00,726,3317.82,,
Beit Dagan,21/06/2020,9:10,758,3464.06,,
Beit Dagan,21/06/2020,9:20,785,3587.45,,
Beit Dagan,21/06/2020,9:30,804,3674.28,,
Beit Dagan,21/06/2020,9:40,826,3774.82,,
Beit Dagan,21/06/2020,9:50,846,3866.22,,
Beit Dagan,21/06/2020,10:00,867,3962.19,,
Beit Dagan,21/06/2020,10:10,883,4035.31,,
Beit Dagan,21/06/2020,10:20,900,4113,,
Beit Dagan,21/06/2020,10:30,912,4167.84,,
Beit Dagan,21/06/2020,10:40,927,4236.39,,
Beit Dagan,21/06/2020,10:50,930,4250.1,,
Beit Dagan,21/06/2020,11:00,935,4272.95,,
Beit Dagan,21/06/2020,11:10,945,4318.65,,
Beit Dagan,21/06/2020,11:20,946,4323.22,,
Beit Dagan,21/06/2020,11:30,955,4364.35,,
Beit Dagan,21/06/2020,11:40,961,4391.77,,
Beit Dagan,21/06/2020,11:50,967,4419.19,,
Beit Dagan,21/06/2020,12:00,969,4428.33,,
Beit Dagan,21/06/2020,12:10,962,4396.34,,
Beit Dagan,21/06/2020,12:20,958,4378.06,,
Beit Dagan,21/06/2020,12:30,952,4350.64,,
Beit Dagan,21/06/2020,12:40,946,4323.22,,
Beit Dagan,21/06/2020,12:50,935,4272.95,,
Beit Dagan,21/06/2020,13:00,919,4199.83,,
Beit Dagan,21/06/2020,13:10,902,4122.14,,
Beit Dagan,21/06/2020,13:20,880,4021.6,,
Beit Dagan,21/06/2020,13:30,868,3966.76,,
Beit Dagan,21/06/2020,13:40,850,3884.5,,
Beit Dagan,21/06/2020,13:50,832,3802.24,,
Beit Dagan,21/06/2020,14:00,814,3719.98,,
Beit Dagan,21/06/2020,14:10,789,3605.73,,
Beit Dagan,21/06/2020,14:20,767,3505.19,,
Beit Dagan,21/06/2020,14:30,745,3404.65,,
Beit Dagan,21/06/2020,14:40,719,3285.83,,
Beit Dagan,21/06/2020,14:50,698,3189.86,,
Beit Dagan,21/06/2020,15:00,658,3007.06,,
Beit Dagan,21/06/2020,15:10,628,2869.96,,
Beit Dagan,21/06/2020,15:20,596,2723.72,,
Beit Dagan,21/06/2020,15:30,567,2591.19,,
Beit Dagan,21/06/2020,15:40,539,2463.23,,
Beit Dagan,21/06/2020,15:50,513,2344.41,,
Beit Dagan,21/06/2020,16:00,479,2189.03,,
Beit Dagan,21/06/2020,16:10,441,2015.37,,
Beit Dagan,21/06/2020,16:20,412,1882.84,,
Beit Dagan,21/06/2020,16:30,379,1732.03,,
Beit Dagan,21/06/2020,16:40,345,1576.65,,
Beit Dagan,21/06/2020,16:50,311,1421.27,,
Beit Dagan,21/06/2020,17:00,275,1256.75,,
